event_id,worst_threshold_crossed,thresholds_crossed,min_margin_time,pair,open_positions,used_margin,floating_pnl,used_margin_contribution_pct,portfolio_used_margin,portfolio_margin_level
evt_1676475900_1,300.0,300,2023-02-15 19:15:00,CADJPY,1,372.42,-85.27,22.34,1667.12,292.79
evt_1676475900_1,300.0,300,2023-02-15 19:15:00,EURUSD,3,1087.97,-674.05,65.26,1667.12,292.79
evt_1676475900_1,300.0,300,2023-02-15 19:15:00,NZDCHF,1,206.72,-48.39,12.4,1667.12,292.79
evt_1676513700_2,300.0,300,2023-02-16 02:30:00,CADJPY,1,372.93,-77.93,22.34,1669.47,297.62
evt_1676513700_2,300.0,300,2023-02-16 02:30:00,EURUSD,3,1089.92,-576.64,65.29,1669.47,297.62
evt_1676513700_2,300.0,300,2023-02-16 02:30:00,NZDCHF,1,206.63,-60.0,12.38,1669.47,297.62
evt_1676561400_3,300.0,300,2023-02-23 19:00:00,CADJPY,2,736.55,-16.39,33.1,2225.01,200.84
evt_1676561400_3,300.0,300,2023-02-23 19:00:00,EURUSD,3,1078.97,-1124.38,48.49,2225.01,200.84
evt_1676561400_3,300.0,300,2023-02-23 19:00:00,NZDCHF,2,409.5,-24.95,18.4,2225.01,200.84
evt_1677513600_4,300.0,300,2023-02-28 18:45:00,CADJPY,1,367.21,7.94,18.24,2013.24,233.63
evt_1677513600_4,300.0,300,2023-02-28 18:45:00,EURUSD,4,1441.71,-978.86,71.61,2013.24,233.63
evt_1677513600_4,300.0,300,2023-02-28 18:45:00,NZDCHF,1,204.33,2.35,10.15,2013.24,233.63
evt_1677638702_5,300.0,300,2023-03-01 02:45:02,CADJPY,0,0.0,0.0,0.0,1640.84,273.63
evt_1677638702_5,300.0,300,2023-03-01 02:45:02,EURUSD,4,1437.3,-1199.18,87.6,1640.84,273.63
evt_1677638702_5,300.0,300,2023-03-01 02:45:02,NZDCHF,1,203.53,1.28,12.4,1640.84,273.63
evt_1677668400_6,300.0,300,2023-03-01 11:00:00,CADJPY,0,0.0,0.0,0.0,1653.96,298.79
evt_1677668400_6,300.0,300,2023-03-01 11:00:00,EURUSD,4,1447.6,-684.42,87.52,1653.96,298.79
evt_1677668400_6,300.0,300,2023-03-01 11:00:00,NZDCHF,1,206.36,-61.33,12.48,1653.96,298.79
evt_1677671100_7,300.0,300,2023-03-01 11:45:00,CADJPY,0,0.0,0.0,0.0,1653.8,298.29
evt_1677671100_7,300.0,300,2023-03-01 11:45:00,EURUSD,4,1447.38,-695.3,87.52,1653.8,298.29
evt_1677671100_7,300.0,300,2023-03-01 11:45:00,NZDCHF,1,206.42,-59.26,12.48,1653.8,298.29
evt_1677693600_8,300.0,300,2023-03-01 21:15:00,CADJPY,1,367.24,-0.88,18.17,2021.64,245.66
evt_1677693600_8,300.0,300,2023-03-01 21:15:00,EURUSD,4,1448.35,-647.02,71.64,2021.64,245.66
evt_1677693600_8,300.0,300,2023-03-01 21:15:00,NZDCHF,1,206.06,-72.94,10.19,2021.64,245.66
evt_1677728700_9,300.0,300,2023-03-03 14:30:00,CADJPY,1,367.8,0.59,16.57,2220.17,213.07
evt_1677728700_9,300.0,300,2023-03-03 14:30:00,EURUSD,4,1442.25,-951.66,64.96,2220.17,213.07
evt_1677728700_9,300.0,300,2023-03-03 14:30:00,NZDCHF,2,410.12,-1.29,18.47,2220.17,213.07
evt_1678071600_10,300.0,300,2023-03-06 03:00:00,CADJPY,0,0.0,0.0,0.0,1650.31,296.58
evt_1678071600_10,300.0,300,2023-03-06 03:00:00,EURUSD,4,1445.3,-799.34,87.58,1650.31,296.58
evt_1678071600_10,300.0,300,2023-03-06 03:00:00,NZDCHF,1,205.01,-4.93,12.42,1650.31,296.58
evt_1678075200_11,300.0,300,2023-03-06 04:00:00,CADJPY,0,0.0,0.0,0.0,1650.65,297.58
evt_1678075200_11,300.0,300,2023-03-06 04:00:00,EURUSD,4,1445.72,-778.26,87.58,1650.65,297.58
evt_1678075200_11,300.0,300,2023-03-06 04:00:00,NZDCHF,1,204.93,-8.45,12.42,1650.65,297.58
evt_1678099500_12,300.0,300,2023-03-06 10:45:00,CADJPY,0,0.0,0.0,0.0,1651.69,299.85
evt_1678099500_12,300.0,300,2023-03-06 10:45:00,EURUSD,4,1447.28,-700.06,87.62,1651.69,299.85
evt_1678099500_12,300.0,300,2023-03-06 10:45:00,NZDCHF,1,204.4,-46.16,12.38,1651.69,299.85
evt_1678101300_13,300.0,300,2023-03-06 13:15:00,CADJPY,0,0.0,0.0,0.0,1648.72,292.48
evt_1678101300_13,300.0,300,2023-03-06 13:15:00,EURUSD,4,1444.9,-819.06,87.64,1648.72,292.48
evt_1678101300_13,300.0,300,2023-03-06 13:15:00,NZDCHF,1,203.82,-57.51,12.36,1648.72,292.48
evt_1678181400_14,200.0,"300,200",2023-03-10 12:00:00,CADJPY,1,361.42,9.86,15.02,2406.36,181.7
evt_1678181400_14,200.0,"300,200",2023-03-10 12:00:00,EURUSD,4,1440.28,-1050.26,59.85,2406.36,181.7
evt_1678181400_14,200.0,"300,200",2023-03-10 12:00:00,NZDCHF,3,604.66,-284.12,25.13,2406.36,181.7
evt_1681812000_15,300.0,300,2023-04-18 10:45:00,CADJPY,1,448.62,-160.11,21.61,2075.85,271.16
evt_1681812000_15,300.0,300,2023-04-18 10:45:00,EURUSD,1,416.88,40.66,20.08,2075.85,271.16
evt_1681812000_15,300.0,300,2023-04-18 10:45:00,NZDCHF,5,1210.36,-667.55,58.31,2075.85,271.16
evt_1681830000_16,300.0,300,2023-04-20 15:00:00,CADJPY,2,889.96,-110.51,35.5,2507.05,212.96
evt_1681830000_16,300.0,300,2023-04-20 15:00:00,EURUSD,1,415.8,-55.86,16.59,2507.05,212.96
evt_1681830000_16,300.0,300,2023-04-20 15:00:00,NZDCHF,5,1201.29,-962.57,47.92,2507.05,212.96
evt_1682344800_17,200.0,"300,200",2023-04-25 11:00:00,CADJPY,1,441.67,-60.23,17.5,2523.53,191.97
evt_1682344800_17,200.0,"300,200",2023-04-25 11:00:00,EURUSD,2,882.33,-167.0,34.96,2523.53,191.97
evt_1682344800_17,200.0,"300,200",2023-04-25 11:00:00,NZDCHF,5,1199.53,-1458.74,47.53,2523.53,191.97
evt_1682503200_18,300.0,300,2023-04-26 10:00:00,CADJPY,1,440.3,-120.17,21.2,2076.67,243.96
evt_1682503200_18,300.0,300,2023-04-26 10:00:00,EURUSD,1,440.39,6.4,21.21,2076.67,243.96
evt_1682503200_18,300.0,300,2023-04-26 10:00:00,NZDCHF,5,1195.98,-1412.81,57.59,2076.67,243.96
evt_1682525700_19,300.0,300,2023-04-26 16:15:00,CADJPY,1,440.39,-150.26,26.9,1637.12,296.83
evt_1682525700_19,300.0,300,2023-04-26 16:15:00,EURUSD,0,0.0,0.0,0.0,1637.12,296.83
evt_1682525700_19,300.0,300,2023-04-26 16:15:00,NZDCHF,5,1196.73,-1612.05,73.1,1637.12,296.83
evt_1682611200_20,300.0,300,2023-04-27 16:15:00,CADJPY,1,440.21,-91.48,21.22,2074.27,259.55
evt_1682611200_20,300.0,300,2023-04-27 16:15:00,EURUSD,1,440.0,26.4,21.21,2074.27,259.55
evt_1682611200_20,300.0,300,2023-04-27 16:15:00,NZDCHF,5,1194.06,-1174.94,57.57,2074.27,259.55
evt_1682614800_21,300.0,300,2023-04-28 00:15:00,CADJPY,2,882.62,-80.56,42.4,2081.42,254.95
evt_1682614800_21,300.0,300,2023-04-28 00:15:00,EURUSD,0,0.0,0.0,0.0,2081.42,254.95
evt_1682614800_21,300.0,300,2023-04-28 00:15:00,NZDCHF,5,1198.8,-1269.68,57.6,2081.42,254.95
evt_1683028800_22,300.0,300,2023-05-02 12:15:00,CADJPY,1,441.94,8.9,21.18,2086.9,281.52
evt_1683028800_22,300.0,300,2023-05-02 12:15:00,EURUSD,1,438.2,-164.0,21.0,2086.9,281.52
evt_1683028800_22,300.0,300,2023-05-02 12:15:00,NZDCHF,5,1206.76,-653.81,57.83,2086.9,281.52
evt_1684148400_23,300.0,300,2023-05-15 12:00:00,CADJPY,2,887.61,-0.18,38.59,2300.08,274.93
evt_1684148400_23,300.0,300,2023-05-15 12:00:00,EURUSD,2,890.32,-397.64,38.71,2300.08,274.93
evt_1684148400_23,300.0,300,2023-05-15 12:00:00,NZDCHF,2,522.15,-142.89,22.7,2300.08,274.93
evt_1684836900_24,300.0,300,2023-05-23 10:15:00,CADJPY,1,443.94,-46.02,21.71,2045.09,299.5
evt_1684836900_24,300.0,300,2023-05-23 10:15:00,EURUSD,3,1337.94,-672.68,65.42,2045.09,299.5
evt_1684836900_24,300.0,300,2023-05-23 10:15:00,NZDCHF,1,263.22,-41.87,12.87,2045.09,299.5
evt_1684845000_25,300.0,300,2023-05-23 15:45:00,CADJPY,1,444.25,-76.91,21.77,2040.84,291.23
evt_1684845000_25,300.0,300,2023-05-23 15:45:00,EURUSD,3,1334.7,-834.5,65.4,2040.84,291.23
evt_1684845000_25,300.0,300,2023-05-23 15:45:00,NZDCHF,1,261.9,-30.7,12.83,2040.84,291.23
evt_1684862100_26,300.0,300,2023-05-23 19:00:00,CADJPY,1,444.54,-77.82,21.77,2041.56,289.89
evt_1684862100_26,300.0,300,2023-05-23 19:00:00,EURUSD,3,1334.46,-846.28,65.37,2041.56,289.89
evt_1684862100_26,300.0,300,2023-05-23 19:00:00,NZDCHF,1,262.56,-43.31,12.86,2041.56,289.89
evt_1684905300_27,300.0,300,2023-05-24 05:15:00,CADJPY,1,444.24,-46.57,21.77,2040.35,297.9
evt_1684905300_27,300.0,300,2023-05-24 05:15:00,EURUSD,3,1336.22,-758.24,65.49,2040.35,297.9
evt_1684905300_27,300.0,300,2023-05-24 05:15:00,NZDCHF,1,259.89,-10.41,12.74,2040.35,297.9
evt_1684979100_28,200.0,"300,200",2023-05-31 07:30:00,CADJPY,2,879.76,-22.91,27.84,3159.51,169.92
evt_1684979100_28,200.0,"300,200",2023-05-31 07:30:00,EURUSD,4,1775.92,-1292.48,56.21,3159.51,169.92
evt_1684979100_28,200.0,"300,200",2023-05-31 07:30:00,NZDCHF,2,503.84,-170.77,15.95,3159.51,169.92
evt_1685658600_29,300.0,300,2023-06-01 22:30:00,CADJPY,0,0.0,0.0,0.0,2040.41,299.52
evt_1685658600_29,300.0,300,2023-06-01 22:30:00,EURUSD,4,1785.74,-801.12,87.52,2040.41,299.52
evt_1685658600_29,300.0,300,2023-06-01 22:30:00,NZDCHF,1,254.66,-3.09,12.48,2040.41,299.52
evt_1685664000_30,300.0,300,2023-06-02 00:00:00,CADJPY,0,0.0,0.0,0.0,2040.8,299.84
evt_1685664000_30,300.0,300,2023-06-02 00:00:00,EURUSD,4,1785.99,-788.67,87.51,2040.8,299.84
evt_1685664000_30,300.0,300,2023-06-02 00:00:00,NZDCHF,1,254.81,0.15,12.49,2040.8,299.84
evt_1685701800_31,300.0,300,2023-06-02 10:45:00,CADJPY,0,0.0,0.0,0.0,2042.34,299.27
evt_1685701800_31,300.0,300,2023-06-02 10:45:00,EURUSD,4,1786.49,-763.77,87.47,2042.34,299.27
evt_1685701800_31,300.0,300,2023-06-02 10:45:00,NZDCHF,1,255.85,-31.71,12.53,2042.34,299.27
evt_1685708100_32,300.0,300,2023-06-02 12:30:00,CADJPY,0,0.0,0.0,0.0,2043.06,298.84
evt_1685708100_32,300.0,300,2023-06-02 12:30:00,EURUSD,4,1786.74,-751.32,87.45,2043.06,298.84
evt_1685708100_32,300.0,300,2023-06-02 12:30:00,NZDCHF,1,256.31,-50.71,12.55,2043.06,298.84
evt_1685717100_33,300.0,300,2023-06-02 15:30:00,CADJPY,0,0.0,0.0,0.0,2039.88,293.05
evt_1685717100_33,300.0,300,2023-06-02 15:30:00,EURUSD,4,1784.13,-881.63,87.46,2039.88,293.05
evt_1685717100_33,300.0,300,2023-06-02 15:30:00,NZDCHF,1,255.75,-48.15,12.54,2039.88,293.05
evt_1685723400_34,300.0,300,2023-06-08 16:00:00,CADJPY,2,898.86,-48.13,30.59,2938.61,203.57
evt_1685723400_34,300.0,300,2023-06-08 16:00:00,EURUSD,4,1784.48,-864.2,60.73,2938.61,203.57
evt_1685723400_34,300.0,300,2023-06-08 16:00:00,NZDCHF,1,255.27,15.05,8.69,2938.61,203.57
evt_1686304800_35,300.0,300,2023-06-09 10:30:00,CADJPY,1,449.85,7.14,18.04,2493.74,249.83
evt_1686304800_35,300.0,300,2023-06-09 10:30:00,EURUSD,4,1787.77,-699.86,71.69,2493.74,249.83
evt_1686304800_35,300.0,300,2023-06-09 10:30:00,NZDCHF,1,256.12,12.13,10.27,2493.74,249.83
evt_1686535200_36,300.0,300,2023-06-12 05:30:00,CADJPY,0,0.0,0.0,0.0,2038.76,290.15
evt_1686535200_36,300.0,300,2023-06-12 05:30:00,EURUSD,4,1782.01,-987.87,87.41,2038.76,290.15
evt_1686535200_36,300.0,300,2023-06-12 05:30:00,NZDCHF,1,256.75,-13.0,12.59,2038.76,290.15
evt_1686585600_37,300.0,300,2023-06-15 10:00:00,CADJPY,2,899.45,-228.9,30.46,2953.0,212.29
evt_1686585600_37,300.0,300,2023-06-15 10:00:00,EURUSD,4,1794.26,-375.33,60.76,2953.0,212.29
evt_1686585600_37,300.0,300,2023-06-15 10:00:00,NZDCHF,1,259.29,-39.59,8.78,2953.0,212.29
evt_1687456800_38,300.0,300,2023-06-22 22:45:00,CADJPY,3,1406.86,-858.69,66.16,2126.52,292.52
evt_1687456800_38,300.0,300,2023-06-22 22:45:00,EURUSD,1,460.24,2.1,21.64,2126.52,292.52
evt_1687456800_38,300.0,300,2023-06-22 22:45:00,NZDCHF,1,259.42,-57.57,12.2,2126.52,292.52
evt_1687744800_39,300.0,300,2023-06-27 00:00:00,CADJPY,3,1406.48,-914.95,59.08,2380.66,255.6
evt_1687744800_39,300.0,300,2023-06-27 00:00:00,EURUSD,1,458.05,-1.26,19.24,2380.66,255.6
evt_1687744800_39,300.0,300,2023-06-27 00:00:00,NZDCHF,2,516.12,-134.96,21.68,2380.66,255.6
evt_1687946400_40,300.0,300,2023-06-28 13:15:00,CADJPY,3,1399.8,-891.72,59.02,2371.9,251.15
evt_1687946400_40,300.0,300,2023-06-28 13:15:00,EURUSD,1,460.27,-42.63,19.4,2371.9,251.15
evt_1687946400_40,300.0,300,2023-06-28 13:15:00,NZDCHF,2,511.84,-268.53,21.58,2371.9,251.15
evt_1688011200_41,300.0,300,2023-06-29 16:00:00,CADJPY,3,1392.69,-888.92,52.86,2634.56,229.71
evt_1688011200_41,300.0,300,2023-06-29 16:00:00,EURUSD,1,478.38,19.36,18.16,2634.56,229.71
evt_1688011200_41,300.0,300,2023-06-29 16:00:00,NZDCHF,3,763.5,-290.96,28.98,2634.56,229.71
evt_1688461200_42,300.0,300,2023-07-04 18:45:00,CADJPY,3,1400.28,-964.46,64.86,2158.95,292.0
evt_1688461200_42,300.0,300,2023-07-04 18:45:00,EURUSD,1,479.65,-12.76,22.22,2158.95,292.0
evt_1688461200_42,300.0,300,2023-07-04 18:45:00,NZDCHF,1,279.02,-71.67,12.92,2158.95,292.0
evt_1688567400_43,300.0,300,2023-07-05 14:45:00,CADJPY,3,1393.69,-848.41,64.8,2150.73,298.06
evt_1688567400_43,300.0,300,2023-07-05 14:45:00,EURUSD,1,478.68,-33.22,22.26,2150.73,298.06
evt_1688567400_43,300.0,300,2023-07-05 14:45:00,NZDCHF,1,278.35,-84.09,12.94,2150.73,298.06
evt_1688572800_44,300.0,300,2023-07-05 16:00:00,CADJPY,3,1395.64,-866.99,64.79,2153.99,298.66
evt_1688572800_44,300.0,300,2023-07-05 16:00:00,EURUSD,1,479.44,4.4,22.26,2153.99,298.66
evt_1688572800_44,300.0,300,2023-07-05 16:00:00,NZDCHF,1,278.91,-80.44,12.95,2153.99,298.66
evt_1688577300_45,300.0,300,2023-07-05 22:00:00,CADJPY,3,1393.34,-872.75,64.83,2149.15,295.02
evt_1688577300_45,300.0,300,2023-07-05 22:00:00,EURUSD,1,477.6,-87.34,22.22,2149.15,295.02
evt_1688577300_45,300.0,300,2023-07-05 22:00:00,NZDCHF,1,278.21,-75.77,12.94,2149.15,295.02
evt_1689112800_46,300.0,300,2023-07-12 01:45:00,CADJPY,3,1398.67,-123.59,57.31,2440.53,289.76
evt_1689112800_46,300.0,300,2023-07-12 01:45:00,EURUSD,1,484.54,-62.7,19.85,2440.53,289.76
evt_1689112800_46,300.0,300,2023-07-12 01:45:00,NZDCHF,2,557.33,-127.3,22.84,2440.53,289.76
evt_1692280800_47,300.0,300,2023-08-17 20:30:00,CADJPY,2,1108.14,-77.63,33.09,3348.7,216.06
evt_1692280800_47,300.0,300,2023-08-17 20:30:00,EURUSD,2,1085.82,-269.25,32.43,3348.7,216.06
evt_1692280800_47,300.0,300,2023-08-17 20:30:00,NZDCHF,4,1154.73,-678.02,34.48,3348.7,216.06
evt_1692619200_48,300.0,300,2023-08-21 12:30:00,CADJPY,1,554.41,9.88,19.82,2797.18,266.52
evt_1692619200_48,300.0,300,2023-08-21 12:30:00,EURUSD,2,1089.77,-71.75,38.96,2797.18,266.52
evt_1692619200_48,300.0,300,2023-08-21 12:30:00,NZDCHF,4,1153.01,-764.99,41.22,2797.18,266.52
evt_1693990800_49,300.0,300,2023-09-07 03:30:00,CADJPY,1,586.28,-50.21,20.61,2844.73,278.54
evt_1693990800_49,300.0,300,2023-09-07 03:30:00,EURUSD,2,1114.92,-242.58,39.19,2844.73,278.54
evt_1693990800_49,300.0,300,2023-09-07 03:30:00,NZDCHF,4,1143.53,-554.22,40.2,2844.73,278.54
evt_1694185200_50,300.0,300,2023-09-08 15:00:00,CADJPY,1,585.58,-0.87,20.54,2850.33,286.61
evt_1694185200_50,300.0,300,2023-09-08 15:00:00,EURUSD,2,1113.12,-332.54,39.05,2850.33,286.61
evt_1694185200_50,300.0,300,2023-09-08 15:00:00,NZDCHF,4,1151.63,-280.81,40.4,2850.33,286.61
evt_1694394001_51,300.0,300,2023-09-11 01:00:01,CADJPY,1,586.72,-24.68,20.59,2849.37,284.49
evt_1694394001_51,300.0,300,2023-09-11 01:00:01,EURUSD,2,1113.81,-298.22,39.09,2849.37,284.49
evt_1694394001_51,300.0,300,2023-09-11 01:00:01,NZDCHF,4,1148.84,-363.82,40.32,2849.37,284.49
evt_1694440800_52,300.0,300,2023-09-12 13:30:00,CADJPY,1,588.91,12.85,20.64,2852.83,288.22
evt_1694440800_52,300.0,300,2023-09-12 13:30:00,EURUSD,2,1114.21,-277.94,39.06,2852.83,288.22
evt_1694440800_52,300.0,300,2023-09-12 13:30:00,NZDCHF,4,1149.71,-319.97,40.3,2852.83,288.22
evt_1694775600_53,300.0,300,2023-09-18 00:15:00,CADJPY,0,0.0,0.0,0.0,2812.08,286.46
evt_1694775600_53,300.0,300,2023-09-18 00:15:00,EURUSD,3,1663.32,-548.6,59.15,2812.08,286.46
evt_1694775600_53,300.0,300,2023-09-18 00:15:00,NZDCHF,4,1148.76,-198.98,40.85,2812.08,286.46
evt_1695063600_54,300.0,300,2023-09-18 19:00:00,CADJPY,0,0.0,0.0,0.0,2819.9,299.01
evt_1695063600_54,300.0,300,2023-09-18 19:00:00,EURUSD,3,1666.83,-373.1,59.11,2819.9,299.01
evt_1695063600_54,300.0,300,2023-09-18 19:00:00,NZDCHF,4,1153.08,2.02,40.89,2819.9,299.01
evt_1695069900_55,300.0,300,2023-09-18 21:45:00,CADJPY,0,0.0,0.0,0.0,2818.34,298.1
evt_1695069900_55,300.0,300,2023-09-18 21:45:00,EURUSD,3,1665.83,-423.02,59.11,2818.34,298.1
evt_1695069900_55,300.0,300,2023-09-18 21:45:00,NZDCHF,4,1152.51,21.56,40.89,2818.34,298.1
evt_1695081600_56,300.0,300,2023-09-19 00:00:00,CADJPY,0,0.0,0.0,0.0,2820.84,299.01
evt_1695081600_56,300.0,300,2023-09-19 00:00:00,EURUSD,3,1667.36,-346.58,59.11,2820.84,299.01
evt_1695081600_56,300.0,300,2023-09-19 00:00:00,NZDCHF,4,1153.48,-17.56,40.89,2820.84,299.01
evt_1695726000_57,200.0,"300,200",2023-10-06 08:45:00,CADJPY,1,582.84,-3.55,15.5,3759.75,178.41
evt_1695726000_57,200.0,"300,200",2023-10-06 08:45:00,EURUSD,4,2212.33,-1733.48,58.84,3759.75,178.41
evt_1695726000_57,200.0,"300,200",2023-10-06 08:45:00,NZDCHF,3,964.58,-316.83,25.66,3759.75,178.41
evt_1698778800_58,300.0,300,2023-11-01 16:15:00,CADJPY,0,0.0,0.0,0.0,2506.9,273.44
evt_1698778800_58,300.0,300,2023-11-01 16:15:00,EURUSD,4,2210.02,-1848.98,88.16,2506.9,273.44
evt_1698778800_58,300.0,300,2023-11-01 16:15:00,NZDCHF,1,296.88,1.5,11.84,2506.9,273.44
evt_1698865200_59,300.0,300,2023-11-01 21:30:00,CADJPY,1,575.77,-6.88,20.67,2785.91,246.64
evt_1698865200_59,300.0,300,2023-11-01 21:30:00,EURUSD,4,2210.14,-1842.68,79.33,2785.91,246.64
evt_1698865200_59,300.0,300,2023-11-01 21:30:00,NZDCHF,0,0.0,0.0,0.0,2785.91,246.64
evt_1698944400_60,300.0,300,2023-11-02 19:30:00,CADJPY,1,580.57,10.0,18.67,3109.58,251.0
evt_1698944400_60,300.0,300,2023-11-02 19:30:00,EURUSD,4,2228.92,-903.98,71.68,3109.58,251.0
evt_1698944400_60,300.0,300,2023-11-02 19:30:00,NZDCHF,1,300.09,-24.0,9.65,3109.58,251.0
evt_1700146800_61,300.0,300,2023-11-16 15:45:00,CADJPY,3,1750.29,-63.94,53.85,3250.07,258.03
evt_1700146800_61,300.0,300,2023-11-16 15:45:00,EURUSD,2,1175.15,-654.75,36.16,3250.07,258.03
evt_1700146800_61,300.0,300,2023-11-16 15:45:00,NZDCHF,1,324.63,-39.36,9.99,3250.07,258.03
evt_1700589600_62,300.0,300,2023-11-21 19:00:00,CADJPY,2,1241.32,-148.83,33.67,3687.26,219.72
evt_1700589600_62,300.0,300,2023-11-21 19:00:00,EURUSD,3,1791.5,-856.47,48.59,3687.26,219.72
evt_1700589600_62,300.0,300,2023-11-21 19:00:00,NZDCHF,2,654.44,-119.39,17.75,3687.26,219.72
evt_1700812800_63,300.0,300,2023-11-28 03:00:00,CADJPY,1,624.8,10.9,20.27,3082.19,255.93
evt_1700812800_63,300.0,300,2023-11-28 03:00:00,EURUSD,3,1797.64,-1163.15,58.32,3082.19,255.93
evt_1700812800_63,300.0,300,2023-11-28 03:00:00,NZDCHF,2,659.76,-203.38,21.41,3082.19,255.93
evt_1701169200_64,300.0,300,2023-11-28 12:00:00,CADJPY,1,625.79,6.41,20.31,3080.69,259.14
evt_1701169200_64,300.0,300,2023-11-28 12:00:00,EURUSD,3,1796.51,-1106.57,58.31,3080.69,259.14
evt_1701169200_64,300.0,300,2023-11-28 12:00:00,NZDCHF,2,658.4,-176.22,21.37,3080.69,259.14
evt_1701194400_65,300.0,300,2023-11-28 18:30:00,CADJPY,1,626.17,20.97,20.25,3092.44,246.14
evt_1701194400_65,300.0,300,2023-11-28 18:30:00,EURUSD,3,1803.05,-1433.75,58.3,3092.44,246.14
evt_1701194400_65,300.0,300,2023-11-28 18:30:00,NZDCHF,2,663.22,-250.81,21.45,3092.44,246.14
evt_1701226800_66,300.0,300,2023-11-29 03:00:00,CADJPY,0,0.0,0.0,0.0,2475.55,293.55
evt_1701226800_66,300.0,300,2023-11-29 03:00:00,EURUSD,3,1806.07,-1584.63,72.96,2475.55,293.55
evt_1701226800_66,300.0,300,2023-11-29 03:00:00,NZDCHF,2,669.48,-440.03,27.04,2475.55,293.55
evt_1701245700_67,300.0,300,2023-11-29 15:15:00,CADJPY,1,625.89,-20.29,18.18,3443.5,222.97
evt_1701245700_67,300.0,300,2023-11-29 15:15:00,EURUSD,3,1801.47,-1355.03,52.32,3443.5,222.97
evt_1701245700_67,300.0,300,2023-11-29 15:15:00,NZDCHF,3,1016.13,-236.58,29.51,3443.5,222.97
evt_1701363600_68,300.0,300,2023-11-30 17:00:00,CADJPY,0,0.0,0.0,0.0,2804.97,299.18
evt_1701363600_68,300.0,300,2023-11-30 17:00:00,EURUSD,3,1789.96,-779.39,63.81,2804.97,299.18
evt_1701363600_68,300.0,300,2023-11-30 17:00:00,NZDCHF,3,1015.01,-134.51,36.19,2804.97,299.18
evt_1701365400_69,300.0,300,2023-11-30 17:30:00,CADJPY,0,0.0,0.0,0.0,2806.87,299.3
evt_1701365400_69,300.0,300,2023-11-30 17:30:00,EURUSD,3,1789.6,-761.35,63.76,2806.87,299.3
evt_1701365400_69,300.0,300,2023-11-30 17:30:00,NZDCHF,3,1017.26,-143.6,36.24,2806.87,299.3
evt_1701367200_70,300.0,300,2023-11-30 18:00:00,CADJPY,0,0.0,0.0,0.0,2809.19,299.34
evt_1701367200_70,300.0,300,2023-11-30 18:00:00,EURUSD,3,1790.13,-787.59,63.72,2809.19,299.34
evt_1701367200_70,300.0,300,2023-11-30 18:00:00,NZDCHF,3,1019.06,-109.24,36.28,2809.19,299.34
evt_1701397800_71,300.0,300,2023-12-01 04:30:00,CADJPY,0,0.0,0.0,0.0,2810.49,293.14
evt_1701397800_71,300.0,300,2023-12-01 04:30:00,EURUSD,3,1789.68,-765.45,63.68,2810.49,293.14
evt_1701397800_71,300.0,300,2023-12-01 04:30:00,NZDCHF,3,1020.81,-299.54,36.32,2810.49,293.14
evt_1701411300_72,300.0,300,2023-12-01 07:45:00,CADJPY,0,0.0,0.0,0.0,2806.6,297.8
evt_1701411300_72,300.0,300,2023-12-01 07:45:00,EURUSD,3,1789.34,-748.23,63.75,2806.6,297.8
evt_1701411300_72,300.0,300,2023-12-01 07:45:00,NZDCHF,3,1017.26,-197.48,36.25,2806.6,297.8
evt_1701423000_73,300.0,300,2023-12-01 09:30:00,CADJPY,0,0.0,0.0,0.0,2804.96,299.19
evt_1701423000_73,300.0,300,2023-12-01 09:30:00,EURUSD,3,1789.16,-739.21,63.79,2804.96,299.19
evt_1701423000_73,300.0,300,2023-12-01 09:30:00,NZDCHF,3,1015.81,-172.19,36.21,2804.96,299.19
evt_1701430200_74,300.0,300,2023-12-01 11:30:00,CADJPY,0,0.0,0.0,0.0,2808.55,297.15
evt_1701430200_74,300.0,300,2023-12-01 11:30:00,EURUSD,3,1788.37,-699.85,63.68,2808.55,297.15
evt_1701430200_74,300.0,300,2023-12-01 11:30:00,NZDCHF,3,1020.18,-258.16,36.32,2808.55,297.15
evt_1701440100_75,300.0,300,2023-12-01 14:15:00,CADJPY,0,0.0,0.0,0.0,2805.6,298.55
evt_1701440100_75,300.0,300,2023-12-01 14:15:00,EURUSD,3,1787.01,-631.79,63.69,2805.6,298.55
evt_1701440100_75,300.0,300,2023-12-01 14:15:00,NZDCHF,3,1018.59,-295.78,36.31,2805.6,298.55
evt_1701457203_76,300.0,300,2023-12-01 19:30:00,CADJPY,1,629.79,5.67,18.32,3437.24,249.02
evt_1701457203_76,300.0,300,2023-12-01 19:30:00,EURUSD,3,1784.73,-517.81,51.92,3437.24,249.02
evt_1701457203_76,300.0,300,2023-12-01 19:30:00,NZDCHF,3,1022.72,-231.21,29.75,3437.24,249.02
evt_1701712800_77,300.0,300,2023-12-04 19:00:00,CADJPY,1,628.13,3.58,18.36,3421.44,266.27
evt_1701712800_77,300.0,300,2023-12-04 19:00:00,EURUSD,3,1775.22,-42.21,51.89,3421.44,266.27
evt_1701712800_77,300.0,300,2023-12-04 19:00:00,NZDCHF,3,1018.1,-163.17,29.76,3421.44,266.27
evt_1701770400_78,300.0,300,2023-12-05 11:15:00,CADJPY,1,627.17,-35.94,18.34,3420.4,264.05
evt_1701770400_78,300.0,300,2023-12-05 11:15:00,EURUSD,3,1777.92,-177.51,51.98,3420.4,264.05
evt_1701770400_78,300.0,300,2023-12-05 11:15:00,NZDCHF,3,1015.3,-80.58,29.68,3420.4,264.05
evt_1707400800_79,300.0,300,2024-02-08 14:00:00,CADJPY,3,2040.87,-930.11,57.06,3576.81,283.74
evt_1707400800_79,300.0,300,2024-02-08 14:00:00,EURUSD,1,731.8,4.42,20.46,3576.81,283.74
evt_1707400800_79,300.0,300,2024-02-08 14:00:00,NZDCHF,2,804.14,-129.37,22.48,3576.81,283.74
evt_1707501600_80,300.0,300,2024-02-09 21:30:00,CADJPY,3,2043.61,-1038.62,56.94,3588.81,272.77
evt_1707501600_80,300.0,300,2024-02-09 21:30:00,EURUSD,1,733.45,-1.36,20.44,3588.81,272.77
evt_1707501600_80,300.0,300,2024-02-09 21:30:00,NZDCHF,2,811.74,-409.34,22.62,3588.81,272.77
evt_1707735600_81,300.0,300,2024-02-12 16:45:00,CADJPY,3,2044.29,-1049.02,57.01,3585.88,274.37
evt_1707735600_81,300.0,300,2024-02-12 16:45:00,EURUSD,1,732.52,10.54,20.43,3585.88,274.37
evt_1707735600_81,300.0,300,2024-02-12 16:45:00,NZDCHF,2,809.08,-363.0,22.56,3585.88,274.37
evt_1707832800_82,300.0,300,2024-02-13 14:30:00,CADJPY,3,2045.3,-1079.68,57.04,3585.66,274.11
evt_1707832800_82,300.0,300,2024-02-13 14:30:00,EURUSD,1,733.24,17.68,20.45,3585.66,274.11
evt_1707832800_82,300.0,300,2024-02-13 14:30:00,NZDCHF,2,807.12,-383.84,22.51,3585.66,274.11
evt_1707840000_83,150.0,"300,200,150",2024-03-21 13:00:00,CADJPY,3,2039.33,-1376.31,30.93,6592.49,111.12
evt_1707840000_83,150.0,"300,200,150",2024-03-21 13:00:00,EURUSD,4,2927.12,-1278.15,44.4,6592.49,111.12
evt_1707840000_83,150.0,"300,200,150",2024-03-21 13:00:00,NZDCHF,4,1626.04,-848.59,24.67,6592.49,111.12
evt_1713843900_84,300.0,300,2024-04-23 04:00:00,CADJPY,3,2008.31,-1732.07,63.92,3142.08,299.65
evt_1713843900_84,300.0,300,2024-04-23 04:00:00,EURUSD,1,724.91,-85.34,23.07,3142.08,299.65
evt_1713843900_84,300.0,300,2024-04-23 04:00:00,NZDCHF,1,408.86,-49.71,13.01,3142.08,299.65
evt_1713868200_85,300.0,300,2024-04-23 11:30:00,CADJPY,3,2007.68,-1734.24,63.9,3142.02,298.37
evt_1713868200_85,300.0,300,2024-04-23 11:30:00,EURUSD,1,726.38,-158.78,23.12,3142.02,298.37
evt_1713868200_85,300.0,300,2024-04-23 11:30:00,NZDCHF,1,407.97,-14.39,12.98,3142.02,298.37
evt_1713885300_86,300.0,300,2024-04-23 15:45:00,CADJPY,3,2008.06,-1737.98,63.91,3141.8,299.09
evt_1713885300_86,300.0,300,2024-04-23 15:45:00,EURUSD,1,725.7,-124.78,23.1,3141.8,299.09
evt_1713885300_86,300.0,300,2024-04-23 15:45:00,NZDCHF,1,408.04,-22.71,12.99,3141.8,299.09
evt_1713890700_87,200.0,"300,200",2024-04-29 05:45:00,CADJPY,3,2015.2,-2980.32,46.91,4295.54,178.81
evt_1713890700_87,200.0,"300,200",2024-04-29 05:45:00,EURUSD,2,1457.59,-358.7,33.93,4295.54,178.81
evt_1713890700_87,200.0,"300,200",2024-04-29 05:45:00,NZDCHF,2,822.75,-197.0,19.15,4295.54,178.81
evt_1714564800_88,300.0,300,2024-05-01 14:30:00,CADJPY,3,1997.36,-2273.93,56.48,3536.22,252.25
evt_1714564800_88,300.0,300,2024-05-01 14:30:00,EURUSD,1,725.62,4.08,20.52,3536.22,252.25
evt_1714564800_88,300.0,300,2024-05-01 14:30:00,NZDCHF,2,813.24,-99.95,23.0,3536.22,252.25
evt_1714669200_89,100.0,"300,200,150,100",2024-05-28 06:30:00,CADJPY,3,2019.62,-2428.38,32.12,6287.53,92.23
evt_1714669200_89,100.0,"300,200,150,100",2024-05-28 06:30:00,EURUSD,3,2197.36,-1085.15,34.95,6287.53,92.23
evt_1714669200_89,100.0,"300,200,150,100",2024-05-28 06:30:00,NZDCHF,5,2070.55,-1684.83,32.93,6287.53,92.23
evt_1718197200_90,300.0,300,2024-06-12 13:15:00,CADJPY,3,2000.13,-2201.27,64.2,3115.38,282.06
evt_1718197200_90,300.0,300,2024-06-12 13:15:00,EURUSD,1,709.75,2.97,22.78,3115.38,282.06
evt_1718197200_90,300.0,300,2024-06-12 13:15:00,NZDCHF,1,405.5,-81.49,13.02,3115.38,282.06
evt_1718290800_91,300.0,300,2024-06-13 16:15:00,CADJPY,3,2003.92,-2222.64,56.73,3532.5,245.98
evt_1718290800_91,300.0,300,2024-06-13 16:15:00,EURUSD,1,712.87,-59.07,20.18,3532.5,245.98
evt_1718290800_91,300.0,300,2024-06-13 16:15:00,NZDCHF,2,815.71,-128.1,23.09,3532.5,245.98
evt_1718640000_92,300.0,300,2024-06-17 16:45:00,CADJPY,3,2000.71,-2340.16,64.3,3111.52,282.34
evt_1718640000_92,300.0,300,2024-06-17 16:45:00,EURUSD,1,707.26,7.59,22.73,3111.52,282.34
evt_1718640000_92,300.0,300,2024-06-17 16:45:00,NZDCHF,1,403.55,-36.97,12.97,3111.52,282.34
evt_1718712000_93,300.0,300,2024-06-19 23:45:00,CADJPY,3,2006.32,-2494.15,56.6,3544.98,237.84
evt_1718712000_93,300.0,300,2024-06-19 23:45:00,EURUSD,1,730.52,-79.9,20.61,3544.98,237.84
evt_1718712000_93,300.0,300,2024-06-19 23:45:00,NZDCHF,2,808.14,-178.41,22.8,3544.98,237.84
evt_1718908200_94,300.0,300,2024-06-20 18:30:00,CADJPY,3,2007.61,-2672.56,63.93,3140.43,272.29
evt_1718908200_94,300.0,300,2024-06-20 18:30:00,EURUSD,1,728.69,11.56,23.2,3140.43,272.29
evt_1718908200_94,300.0,300,2024-06-20 18:30:00,NZDCHF,1,404.14,-11.85,12.87,3140.43,272.29
evt_1719226800_95,300.0,300,2024-06-24 11:45:00,CADJPY,3,2010.54,-2984.26,63.96,3143.41,260.32
evt_1719226800_95,300.0,300,2024-06-24 11:45:00,EURUSD,1,728.51,1.7,23.18,3143.41,260.32
evt_1719226800_95,300.0,300,2024-06-24 11:45:00,NZDCHF,1,404.36,-63.0,12.86,3143.41,260.32
evt_1719309600_96,300.0,300,2024-06-25 11:15:00,CADJPY,3,2015.0,-3007.49,63.99,3148.98,260.44
evt_1719309600_96,300.0,300,2024-06-25 11:15:00,EURUSD,1,729.65,4.42,23.17,3148.98,260.44
evt_1719309600_96,300.0,300,2024-06-25 11:15:00,NZDCHF,1,404.32,-60.06,12.84,3148.98,260.44
evt_1719478800_97,300.0,300,2024-06-27 11:45:00,CADJPY,3,2009.34,-3138.2,64.03,3138.32,257.44
evt_1719478800_97,300.0,300,2024-06-27 11:45:00,EURUSD,1,726.78,-25.16,23.16,3138.32,257.44
evt_1719478800_97,300.0,300,2024-06-27 11:45:00,NZDCHF,1,402.19,-47.05,12.82,3138.32,257.44
evt_1719550800_98,150.0,"300,200,150",2024-07-25 20:00:00,CADJPY,3,1992.36,-1195.43,34.23,5820.34,135.33
evt_1719550800_98,150.0,"300,200,150",2024-07-25 20:00:00,EURUSD,3,2216.48,-674.9,38.08,5820.34,135.33
evt_1719550800_98,150.0,"300,200,150",2024-07-25 20:00:00,NZDCHF,4,1611.51,-1495.19,27.69,5820.34,135.33
evt_1722847500_99,300.0,300,2024-08-05 09:00:00,CADJPY,1,754.78,-1030.13,31.99,2359.72,282.22
evt_1722847500_99,300.0,300,2024-08-05 09:00:00,EURUSD,0,0.0,0.0,0.0,2359.72,282.22
evt_1722847500_99,300.0,300,2024-08-05 09:00:00,NZDCHF,4,1604.94,-3806.99,68.01,2359.72,282.22
evt_1722851100_100,300.0,300,2024-08-05 09:45:00,CADJPY,1,755.25,-962.09,31.95,2363.84,295.74
evt_1722851100_100,300.0,300,2024-08-05 09:45:00,EURUSD,0,0.0,0.0,0.0,2363.84,295.74
evt_1722851100_100,300.0,300,2024-08-05 09:45:00,NZDCHF,4,1608.59,-3543.82,68.05,2363.84,295.74
evt_1722854700_101,200.0,"300,200",2024-08-06 16:30:00,CADJPY,2,1519.71,-780.77,35.42,4290.95,175.47
evt_1722854700_101,200.0,"300,200",2024-08-06 16:30:00,EURUSD,1,742.79,-40.46,17.31,4290.95,175.47
evt_1722854700_101,200.0,"300,200",2024-08-06 16:30:00,NZDCHF,5,2028.45,-3148.1,47.27,4290.95,175.47
evt_1723114800_102,300.0,300,2024-08-08 15:00:00,CADJPY,1,764.03,-9.92,21.48,3557.46,268.43
evt_1723114800_102,300.0,300,2024-08-08 15:00:00,EURUSD,1,743.38,-69.7,20.9,3557.46,268.43
evt_1723114800_102,300.0,300,2024-08-08 15:00:00,NZDCHF,5,2050.06,-1923.94,57.63,3557.46,268.43
evt_1723132800_103,300.0,300,2024-08-08 16:00:00,CADJPY,1,763.27,-116.84,21.37,3572.17,279.01
evt_1723132800_103,300.0,300,2024-08-08 16:00:00,EURUSD,1,763.0,-7.35,21.36,3572.17,279.01
evt_1723132800_103,300.0,300,2024-08-08 16:00:00,NZDCHF,5,2045.9,-1510.06,57.27,3572.17,279.01
evt_1723219200_104,300.0,300,2024-08-12 00:15:00,CADJPY,2,1528.92,-117.54,42.73,3578.11,284.15
evt_1723219200_104,300.0,300,2024-08-12 00:15:00,EURUSD,0,0.0,0.0,0.0,3578.11,284.15
evt_1723219200_104,300.0,300,2024-08-12 00:15:00,NZDCHF,5,2049.19,-1360.08,57.27,3578.11,284.15
evt_1723460400_105,300.0,300,2024-08-12 11:00:00,CADJPY,2,1530.31,-238.63,42.63,3589.84,299.46
evt_1723460400_105,300.0,300,2024-08-12 11:00:00,EURUSD,0,0.0,0.0,0.0,3589.84,299.46
evt_1723460400_105,300.0,300,2024-08-12 11:00:00,NZDCHF,5,2059.53,-655.97,57.37,3589.84,299.46
evt_1723465800_106,300.0,300,2024-08-12 12:30:00,CADJPY,2,1530.1,-244.25,42.61,3590.84,299.43
evt_1723465800_106,300.0,300,2024-08-12 12:30:00,EURUSD,0,0.0,0.0,0.0,3590.84,299.43
evt_1723465800_106,300.0,300,2024-08-12 12:30:00,NZDCHF,5,2060.74,-648.4,57.39,3590.84,299.43
evt_1723476600_107,300.0,300,2024-08-12 15:30:00,CADJPY,2,1528.5,-262.63,42.6,3587.67,298.87
evt_1723476600_107,300.0,300,2024-08-12 15:30:00,EURUSD,0,0.0,0.0,0.0,3587.67,298.87
evt_1723476600_107,300.0,300,2024-08-12 15:30:00,NZDCHF,5,2059.17,-659.83,57.4,3587.67,298.87
evt_1723480200_108,300.0,300,2024-08-12 16:30:00,CADJPY,2,1529.05,-337.88,42.61,3588.33,297.79
evt_1723480200_108,300.0,300,2024-08-12 16:30:00,EURUSD,0,0.0,0.0,0.0,3588.33,297.79
evt_1723480200_108,300.0,300,2024-08-12 16:30:00,NZDCHF,5,2059.27,-621.45,57.39,3588.33,297.79
evt_1723483800_109,300.0,300,2024-08-13 00:00:00,CADJPY,2,1528.13,-158.71,35.13,4349.91,240.04
evt_1723483800_109,300.0,300,2024-08-13 00:00:00,EURUSD,1,765.08,-5.25,17.59,4349.91,240.04
evt_1723483800_109,300.0,300,2024-08-13 00:00:00,NZDCHF,5,2056.7,-1031.66,47.28,4349.91,240.04
evt_1723564800_110,300.0,300,2024-08-13 16:00:00,CADJPY,2,1529.34,-176.72,35.05,4363.01,249.88
evt_1723564800_110,300.0,300,2024-08-13 16:00:00,EURUSD,1,765.84,-1.75,17.55,4363.01,249.88
evt_1723564800_110,300.0,300,2024-08-13 16:00:00,NZDCHF,5,2067.84,-604.1,47.39,4363.01,249.88
evt_1723611600_111,300.0,300,2024-08-14 05:00:00,CADJPY,2,1530.84,-82.85,42.61,3592.44,298.7
evt_1723611600_111,300.0,300,2024-08-14 05:00:00,EURUSD,0,0.0,0.0,0.0,3592.44,298.7
evt_1723611600_111,300.0,300,2024-08-14 05:00:00,NZDCHF,5,2061.6,-918.97,57.39,3592.44,298.7
evt_1723615200_112,300.0,300,2024-08-19 00:00:00,CADJPY,3,2301.63,-369.87,44.79,5138.37,201.19
evt_1723615200_112,300.0,300,2024-08-19 00:00:00,EURUSD,1,771.77,-240.8,15.02,5138.37,201.19
evt_1723615200_112,300.0,300,2024-08-19 00:00:00,NZDCHF,5,2064.97,-761.51,40.19,5138.37,201.19
evt_1724234400_113,300.0,300,2024-08-21 10:15:00,CADJPY,1,770.99,-25.07,21.11,3651.46,295.11
evt_1724234400_113,300.0,300,2024-08-21 10:15:00,EURUSD,1,778.76,-590.1,21.33,3651.46,295.11
evt_1724234400_113,300.0,300,2024-08-21 10:15:00,NZDCHF,5,2101.71,-429.48,57.56,3651.46,295.11
evt_1724270400_114,300.0,300,2024-08-21 20:15:00,CADJPY,1,772.64,15.49,21.11,3659.38,290.71
evt_1724270400_114,300.0,300,2024-08-21 20:15:00,EURUSD,1,780.54,-679.35,21.33,3659.38,290.71
evt_1724270400_114,300.0,300,2024-08-21 20:15:00,NZDCHF,5,2106.2,-538.26,57.56,3659.38,290.71
evt_1724338800_115,300.0,300,2024-08-22 15:30:00,CADJPY,1,772.98,7.76,21.14,3655.86,292.45
evt_1724338800_115,300.0,300,2024-08-22 15:30:00,EURUSD,1,779.59,-631.75,21.32,3655.86,292.45
evt_1724338800_115,300.0,300,2024-08-22 15:30:00,NZDCHF,5,2103.29,-549.65,57.53,3655.86,292.45
evt_1724346000_116,300.0,300,2024-08-27 21:45:00,CADJPY,1,817.98,-6.11,18.01,4543.04,233.13
evt_1724346000_116,300.0,300,2024-08-27 21:45:00,EURUSD,2,1588.4,-1043.38,34.96,4543.04,233.13
evt_1724346000_116,300.0,300,2024-08-27 21:45:00,NZDCHF,5,2136.66,-312.56,47.03,4543.04,233.13
evt_1724866200_117,300.0,300,2024-08-28 18:30:00,CADJPY,0,0.0,0.0,0.0,3714.17,295.54
evt_1724866200_117,300.0,300,2024-08-28 18:30:00,EURUSD,2,1580.02,-624.48,42.54,3714.17,295.54
evt_1724866200_117,300.0,300,2024-08-28 18:30:00,NZDCHF,5,2134.15,-397.93,57.46,3714.17,295.54
evt_1724875200_118,300.0,300,2024-08-28 20:15:00,CADJPY,0,0.0,0.0,0.0,3708.93,299.57
evt_1724875200_118,300.0,300,2024-08-28 20:15:00,EURUSD,2,1577.73,-510.17,42.54,3708.93,299.57
evt_1724875200_118,300.0,300,2024-08-28 20:15:00,NZDCHF,5,2131.19,-378.34,57.46,3708.93,299.57
evt_1724877900_119,300.0,300,2024-08-28 20:45:00,CADJPY,0,0.0,0.0,0.0,3707.25,298.85
evt_1724877900_119,300.0,300,2024-08-28 20:45:00,EURUSD,2,1577.15,-481.06,42.54,3707.25,298.85
evt_1724877900_119,300.0,300,2024-08-28 20:45:00,NZDCHF,5,2130.1,-439.37,57.46,3707.25,298.85
evt_1724881500_120,300.0,300,2024-08-28 21:45:00,CADJPY,0,0.0,0.0,0.0,3711.59,299.0
evt_1724881500_120,300.0,300,2024-08-28 21:45:00,EURUSD,2,1578.43,-544.96,42.53,3711.59,299.0
evt_1724881500_120,300.0,300,2024-08-28 21:45:00,NZDCHF,5,2133.16,-356.91,57.47,3711.59,299.0
evt_1724886900_121,300.0,300,2024-08-29 00:00:00,CADJPY,0,0.0,0.0,0.0,3711.58,296.87
evt_1724886900_121,300.0,300,2024-08-29 00:00:00,EURUSD,2,1578.95,-571.23,42.54,3711.58,296.87
evt_1724886900_121,300.0,300,2024-08-29 00:00:00,NZDCHF,5,2132.63,-415.36,57.46,3711.58,296.87
evt_1726592400_122,300.0,300,2024-09-18 21:15:00,CADJPY,3,2433.78,-432.57,53.16,4578.41,245.0
evt_1726592400_122,300.0,300,2024-09-18 21:15:00,EURUSD,2,1675.72,-796.16,36.6,4578.41,245.0
evt_1726592400_122,300.0,300,2024-09-18 21:15:00,NZDCHF,1,468.9,-92.73,10.24,4578.41,245.0
evt_1727244000_123,200.0,"300,200",2024-09-26 18:30:00,CADJPY,2,1707.64,-328.42,30.18,5659.07,188.71
evt_1727244000_123,200.0,"300,200",2024-09-26 18:30:00,EURUSD,3,2527.92,-949.42,44.67,5659.07,188.71
evt_1727244000_123,200.0,"300,200",2024-09-26 18:30:00,NZDCHF,3,1423.5,-632.41,25.15,5659.07,188.71
evt_1727435700_124,300.0,300,2024-09-27 11:15:00,CADJPY,0,0.0,0.0,0.0,3935.89,299.67
evt_1727435700_124,300.0,300,2024-09-27 11:15:00,EURUSD,3,2516.96,-401.37,63.95,3935.89,299.67
evt_1727435700_124,300.0,300,2024-09-27 11:15:00,NZDCHF,3,1418.93,-451.91,36.05,3935.89,299.67
evt_1727437500_125,300.0,300,2024-09-30 16:00:00,CADJPY,1,851.88,-2.09,17.71,4808.82,230.36
evt_1727437500_125,300.0,300,2024-09-30 16:00:00,EURUSD,3,2526.45,-875.97,52.54,4808.82,230.36
evt_1727437500_125,300.0,300,2024-09-30 16:00:00,NZDCHF,3,1430.49,-682.03,29.75,4808.82,230.36
evt_1729767600_126,300.0,300,2024-10-24 16:45:00,CADJPY,1,867.69,-9.46,18.12,4789.1,251.16
evt_1729767600_126,300.0,300,2024-10-24 16:45:00,EURUSD,4,3434.43,-1341.86,71.71,4789.1,251.16
evt_1729767600_126,300.0,300,2024-10-24 16:45:00,NZDCHF,1,486.97,1.87,10.17,4789.1,251.16
evt_1730077209_127,300.0,300,2024-10-28 01:00:09,CADJPY,1,863.47,-30.02,20.1,4295.42,277.18
evt_1730077209_127,300.0,300,2024-10-28 01:00:09,EURUSD,4,3431.95,-1465.88,79.9,4295.42,277.18
evt_1730077209_127,300.0,300,2024-10-28 01:00:09,NZDCHF,0,0.0,0.0,0.0,4295.42,277.18
evt_1730188800_128,300.0,300,2024-10-29 16:00:00,CADJPY,1,862.84,-85.06,18.08,4771.73,243.27
evt_1730188800_128,300.0,300,2024-10-29 16:00:00,EURUSD,4,3426.39,-1744.13,71.81,4771.73,243.27
evt_1730188800_128,300.0,300,2024-10-29 16:00:00,NZDCHF,1,482.5,-0.62,10.11,4771.73,243.27
evt_1730329200_129,300.0,300,2024-10-31 03:15:00,CADJPY,1,862.59,-23.34,17.98,4798.16,271.17
evt_1730329200_129,300.0,300,2024-10-31 03:15:00,EURUSD,4,3452.21,-453.05,71.95,4798.16,271.17
evt_1730329200_129,300.0,300,2024-10-31 03:15:00,NZDCHF,1,483.36,28.67,10.07,4798.16,271.17
evt_1730349000_130,300.0,300,2024-11-01 13:30:00,CADJPY,2,1722.17,-125.87,30.44,5656.9,227.37
evt_1730349000_130,300.0,300,2024-11-01 13:30:00,EURUSD,4,3451.67,-480.08,61.02,5656.9,227.37
evt_1730349000_130,300.0,300,2024-11-01 13:30:00,NZDCHF,1,483.06,-8.09,8.54,5656.9,227.37
evt_1733363101_131,300.0,300,2024-12-05 08:15:00,CADJPY,3,2877.95,-1163.87,58.92,4884.86,283.54
evt_1733363101_131,300.0,300,2024-12-05 08:15:00,EURUSD,1,968.24,-59.8,19.82,4884.86,283.54
evt_1733363101_131,300.0,300,2024-12-05 08:15:00,NZDCHF,2,1038.67,-106.73,21.26,4884.86,283.54
evt_1733515200_132,300.0,300,2024-12-06 23:45:00,CADJPY,3,2859.48,-1453.86,58.8,4862.99,270.78
evt_1733515200_132,300.0,300,2024-12-06 23:45:00,EURUSD,1,972.15,-73.14,19.99,4862.99,270.78
evt_1733515200_132,300.0,300,2024-12-06 23:45:00,NZDCHF,2,1031.35,-558.81,21.21,4862.99,270.78
evt_1733738400_133,300.0,300,2024-12-09 10:00:00,CADJPY,3,2860.2,-1304.53,52.88,5408.45,252.44
evt_1733738400_133,300.0,300,2024-12-09 10:00:00,EURUSD,1,971.5,-21.62,17.96,5408.45,252.44
evt_1733738400_133,300.0,300,2024-12-09 10:00:00,NZDCHF,3,1576.75,-368.74,29.15,5408.45,252.44
evt_1733828400_134,300.0,300,2024-12-10 11:15:00,CADJPY,3,2855.49,-962.23,52.92,5395.36,259.56
evt_1733828400_134,300.0,300,2024-12-10 11:15:00,EURUSD,1,968.41,52.9,17.95,5395.36,259.56
evt_1733828400_134,300.0,300,2024-12-10 11:15:00,NZDCHF,3,1571.46,-509.58,29.13,5395.36,259.56
evt_1734091200_135,300.0,300,2024-12-13 12:30:00,CADJPY,3,2847.46,-381.46,52.83,5389.83,276.96
evt_1734091200_135,300.0,300,2024-12-13 12:30:00,EURUSD,1,985.98,5.64,18.29,5389.83,276.96
evt_1734091200_135,300.0,300,2024-12-13 12:30:00,NZDCHF,3,1556.39,-215.93,28.88,5389.83,276.96
evt_1734354000_136,300.0,300,2024-12-18 07:00:00,CADJPY,3,2826.72,-809.73,52.72,5362.2,264.83
evt_1734354000_136,300.0,300,2024-12-18 07:00:00,EURUSD,1,987.24,-62.51,18.41,5362.2,264.83
evt_1734354000_136,300.0,300,2024-12-18 07:00:00,NZDCHF,3,1548.24,-572.32,28.87,5362.2,264.83
evt_1734544800_137,300.0,300,2024-12-18 20:30:00,CADJPY,3,2826.5,-689.97,52.76,5357.15,265.33
evt_1734544800_137,300.0,300,2024-12-18 20:30:00,EURUSD,1,986.17,-81.31,18.41,5357.15,265.33
evt_1734544800_137,300.0,300,2024-12-18 20:30:00,NZDCHF,3,1544.48,-723.98,28.83,5357.15,265.33
evt_1736816400_138,300.0,300,2025-01-14 15:15:00,CADJPY,2,2083.66,-59.1,33.74,6175.8,255.04
evt_1736816400_138,300.0,300,2025-01-14 15:15:00,EURUSD,2,2048.48,-425.0,33.17,6175.8,255.04
evt_1736816400_138,300.0,300,2025-01-14 15:15:00,NZDCHF,4,2043.66,-362.28,33.09,6175.8,255.04
evt_1738036800_139,300.0,300,2025-01-29 07:45:00,CADJPY,2,2152.94,-360.56,36.1,5963.35,276.06
evt_1738036800_139,300.0,300,2025-01-29 07:45:00,EURUSD,3,3215.67,-498.07,53.92,5963.35,276.06
evt_1738036800_139,300.0,300,2025-01-29 07:45:00,NZDCHF,1,594.73,-39.91,9.97,5963.35,276.06
evt_1738605600_140,300.0,300,2025-02-03 18:45:00,CADJPY,3,3218.72,-1371.95,53.79,5983.75,252.21
evt_1738605600_140,300.0,300,2025-02-03 18:45:00,EURUSD,2,2178.51,-1171.3,36.41,5983.75,252.21
evt_1738605600_140,300.0,300,2025-02-03 18:45:00,NZDCHF,1,586.52,-63.95,9.8,5983.75,252.21
evt_1738909800_141,300.0,300,2025-02-07 10:45:00,CADJPY,3,3284.96,-1323.63,58.46,5619.39,286.35
evt_1738909800_141,300.0,300,2025-02-07 10:45:00,EURUSD,1,1122.96,-176.58,19.98,5619.39,286.35
evt_1738909800_141,300.0,300,2025-02-07 10:45:00,NZDCHF,2,1211.47,-274.47,21.56,5619.39,286.35
evt_1738944000_142,300.0,300,2025-02-07 16:45:00,CADJPY,3,3288.62,-1344.09,58.52,5619.21,288.43
evt_1738944000_142,300.0,300,2025-02-07 16:45:00,EURUSD,1,1121.63,-118.26,19.96,5619.21,288.43
evt_1738944000_142,300.0,300,2025-02-07 16:45:00,NZDCHF,2,1208.96,-270.79,21.51,5619.21,288.43
evt_1739271601_143,300.0,300,2025-02-11 11:30:00,CADJPY,3,3277.79,-1375.65,58.59,5594.14,292.78
evt_1739271601_143,300.0,300,2025-02-11 11:30:00,EURUSD,1,1113.87,-24.84,19.91,5594.14,292.78
evt_1739271601_143,300.0,300,2025-02-11 11:30:00,NZDCHF,2,1202.48,-251.55,21.5,5594.14,292.78
evt_1739458800_144,200.0,"300,200",2025-02-24 04:30:00,CADJPY,3,3313.25,-1853.99,41.66,7952.16,174.54
evt_1739458800_144,200.0,"300,200",2025-02-24 04:30:00,EURUSD,3,3410.72,-2073.6,42.89,7952.16,174.54
evt_1739458800_144,200.0,"300,200",2025-02-24 04:30:00,NZDCHF,2,1228.19,-371.97,15.44,7952.16,174.54
evt_1740967200_145,300.0,300,2025-03-03 10:15:00,CADJPY,3,3254.03,-2697.95,57.48,5661.1,273.54
evt_1740967200_145,300.0,300,2025-03-03 10:15:00,EURUSD,1,1164.4,-88.48,20.57,5661.1,273.54
evt_1740967200_145,300.0,300,2025-03-03 10:15:00,NZDCHF,2,1242.67,-296.28,21.95,5661.1,273.54
evt_1741608000_146,300.0,300,2025-03-12 18:45:00,CADJPY,3,3264.26,-3285.29,46.24,7059.3,207.03
evt_1741608000_146,300.0,300,2025-03-12 18:45:00,EURUSD,2,2490.72,-914.85,35.28,7059.3,207.03
evt_1741608000_146,300.0,300,2025-03-12 18:45:00,NZDCHF,2,1304.32,-89.11,18.48,7059.3,207.03
evt_1741960800_147,300.0,300,2025-03-14 14:00:00,CADJPY,3,3258.22,-3223.45,56.13,5804.84,273.03
evt_1741960800_147,300.0,300,2025-03-14 14:00:00,EURUSD,1,1241.9,-8.55,21.39,5804.84,273.03
evt_1741960800_147,300.0,300,2025-03-14 14:00:00,NZDCHF,2,1304.71,-9.03,22.48,5804.84,273.03
evt_1742569200_148,300.0,300,2025-03-28 11:15:00,CADJPY,3,3279.83,-1999.06,46.07,7118.71,231.71
evt_1742569200_148,300.0,300,2025-03-28 11:15:00,EURUSD,2,2500.87,-458.78,35.13,7118.71,231.71
evt_1742569200_148,300.0,300,2025-03-28 11:15:00,NZDCHF,2,1338.02,-523.7,18.8,7118.71,231.71
evt_1743447600_149,300.0,300,2025-04-01 04:00:00,CADJPY,3,3264.04,-2670.28,49.99,6529.39,244.26
evt_1743447600_149,300.0,300,2025-04-01 04:00:00,EURUSD,1,1277.27,-176.41,19.56,6529.39,244.26
evt_1743447600_149,300.0,300,2025-04-01 04:00:00,NZDCHF,3,1988.08,-906.98,30.45,6529.39,244.26
evt_1743764400_150,300.0,300,2025-04-04 11:00:00,CADJPY,3,3325.46,-3048.43,62.4,5329.23,299.91
evt_1743764400_150,300.0,300,2025-04-04 11:00:00,EURUSD,1,1320.38,4.8,24.78,5329.23,299.91
evt_1743764400_150,300.0,300,2025-04-04 11:00:00,NZDCHF,1,683.38,-1045.18,12.82,5329.23,299.91
evt_1744099200_151,300.0,300,2025-04-08 09:15:00,CADJPY,3,3315.0,-2651.6,55.26,5998.41,271.76
evt_1744099200_151,300.0,300,2025-04-08 09:15:00,EURUSD,1,1338.96,-6.71,22.32,5998.41,271.76
evt_1744099200_151,300.0,300,2025-04-08 09:15:00,NZDCHF,2,1344.45,-1235.51,22.41,5998.41,271.76
evt_1744117200_152,300.0,300,2025-04-08 15:00:00,CADJPY,3,3316.04,-2996.91,55.29,5997.26,262.47
evt_1744117200_152,300.0,300,2025-04-08 15:00:00,EURUSD,1,1336.05,-192.76,22.28,5997.26,262.47
evt_1744117200_152,300.0,300,2025-04-08 15:00:00,NZDCHF,2,1345.17,-1346.94,22.43,5997.26,262.47
evt_1744165800_153,300.0,300,2025-04-09 02:30:00,CADJPY,3,3294.34,-3948.77,71.37,4615.88,299.75
evt_1744165800_153,300.0,300,2025-04-09 02:30:00,EURUSD,0,0.0,0.0,0.0,4615.88,299.75
evt_1744165800_153,300.0,300,2025-04-09 02:30:00,NZDCHF,2,1321.54,-2595.82,28.63,4615.88,299.75
evt_1744167600_154,300.0,300,2025-04-09 03:30:00,CADJPY,3,3297.64,-4071.39,71.35,4621.88,296.51
evt_1744167600_154,300.0,300,2025-04-09 03:30:00,EURUSD,0,0.0,0.0,0.0,4621.88,296.51
evt_1744167600_154,300.0,300,2025-04-09 03:30:00,NZDCHF,2,1324.25,-2605.16,28.65,4621.88,296.51
evt_1744171200_155,300.0,300,2025-04-09 04:00:00,CADJPY,3,3300.92,-3888.85,55.28,5971.5,233.85
evt_1744171200_155,300.0,300,2025-04-09 04:00:00,EURUSD,1,1344.23,20.74,22.51,5971.5,233.85
evt_1744171200_155,300.0,300,2025-04-09 04:00:00,NZDCHF,2,1326.35,-2543.98,22.21,5971.5,233.85
evt_1744174800_156,300.0,300,2025-04-09 07:15:00,CADJPY,3,3303.15,-4265.23,62.17,5312.82,250.26
evt_1744174800_156,300.0,300,2025-04-09 07:15:00,EURUSD,0,0.0,0.0,0.0,5312.82,250.26
evt_1744174800_156,300.0,300,2025-04-09 07:15:00,NZDCHF,3,2009.67,-2895.61,37.83,5312.82,250.26
evt_1744232400_157,300.0,300,2025-04-09 21:00:00,CADJPY,3,3328.84,-2195.31,49.64,6705.89,272.91
evt_1744232400_157,300.0,300,2025-04-09 21:00:00,EURUSD,1,1333.47,286.09,19.89,6705.89,272.91
evt_1744232400_157,300.0,300,2025-04-09 21:00:00,NZDCHF,3,2043.57,-241.49,30.47,6705.89,272.91
evt_1744689600_158,100.0,"300,200,150,100",2025-05-16 19:15:00,CADJPY,3,3359.06,-2496.63,26.42,12714.71,92.67
evt_1744689600_158,100.0,"300,200,150,100",2025-05-16 19:15:00,EURUSD,4,5657.9,-3872.9,44.5,12714.71,92.67
evt_1744689600_158,100.0,"300,200,150,100",2025-05-16 19:15:00,NZDCHF,5,3697.75,-2748.24,29.08,12714.71,92.67
evt_1750690800_159,300.0,300,2025-06-23 15:00:00,CADJPY,3,3408.22,-768.19,47.85,7122.5,299.41
evt_1750690800_159,300.0,300,2025-06-23 15:00:00,EURUSD,0,0.0,0.0,0.0,7122.5,299.41
evt_1750690800_159,300.0,300,2025-06-23 15:00:00,NZDCHF,5,3714.28,-220.08,52.15,7122.5,299.41
evt_1750693500_160,300.0,300,2025-06-23 15:45:00,CADJPY,3,3409.99,-789.87,47.86,7124.47,299.77
evt_1750693500_160,300.0,300,2025-06-23 15:45:00,EURUSD,0,0.0,0.0,0.0,7124.47,299.77
evt_1750693500_160,300.0,300,2025-06-23 15:45:00,NZDCHF,5,3714.48,-166.3,52.14,7124.47,299.77
evt_1750697100_161,200.0,"300,200",2025-07-02 01:30:00,CADJPY,3,3444.67,-2027.26,32.96,10451.66,176.49
evt_1750697100_161,200.0,"300,200",2025-07-02 01:30:00,EURUSD,2,3164.01,-1700.46,30.27,10451.66,176.49
evt_1750697100_161,200.0,"300,200",2025-07-02 01:30:00,NZDCHF,5,3842.98,-185.31,36.77,10451.66,176.49
evt_1751469300_162,300.0,300,2025-07-02 15:15:00,CADJPY,3,3447.72,-1836.42,52.21,6604.17,294.57
evt_1751469300_162,300.0,300,2025-07-02 15:15:00,EURUSD,2,3156.45,-1322.58,47.79,6604.17,294.57
evt_1751469300_162,300.0,300,2025-07-02 15:15:00,NZDCHF,0,0.0,0.0,0.0,6604.17,294.57
evt_1751476500_163,300.0,300,2025-07-02 17:15:00,CADJPY,3,3445.17,-1717.79,52.22,6597.5,299.79
evt_1751476500_163,300.0,300,2025-07-02 17:15:00,EURUSD,2,3152.32,-1116.22,47.78,6597.5,299.79
evt_1751476500_163,300.0,300,2025-07-02 17:15:00,NZDCHF,0,0.0,0.0,0.0,6597.5,299.79
evt_1751478300_164,300.0,300,2025-07-03 04:30:00,CADJPY,3,3459.49,-1685.32,46.47,7444.95,257.86
evt_1751478300_164,300.0,300,2025-07-03 04:30:00,EURUSD,2,3164.33,-1716.54,42.5,7444.95,257.86
evt_1751478300_164,300.0,300,2025-07-03 04:30:00,NZDCHF,1,821.13,-25.03,11.03,7444.95,257.86
evt_1751591700_165,300.0,300,2025-07-10 03:15:00,CADJPY,3,3436.51,-998.11,41.79,8224.1,247.28
evt_1751591700_165,300.0,300,2025-07-10 03:15:00,EURUSD,2,3147.87,-893.78,38.28,8224.1,247.28
evt_1751591700_165,300.0,300,2025-07-10 03:15:00,NZDCHF,2,1639.71,-539.64,19.94,8224.1,247.28
evt_1753362000_166,300.0,300,2025-07-24 17:00:00,CADJPY,2,3085.81,-322.52,38.39,8039.07,270.57
evt_1753362000_166,300.0,300,2025-07-24 17:00:00,EURUSD,2,3300.44,-1402.1,41.06,8039.07,270.57
evt_1753362000_166,300.0,300,2025-07-24 17:00:00,NZDCHF,2,1652.82,-22.62,20.56,8039.07,270.57
evt_1760040000_167,300.0,300,2025-10-09 20:00:00,CADJPY,1,1818.6,-8.0,21.37,8510.87,299.59
evt_1760040000_167,300.0,300,2025-10-09 20:00:00,EURUSD,2,3884.7,-1995.0,45.64,8510.87,299.59
evt_1760040000_167,300.0,300,2025-10-09 20:00:00,NZDCHF,3,2807.57,-596.36,32.99,8510.87,299.59
evt_1760041800_168,300.0,300,2025-10-09 21:45:00,CADJPY,1,1817.42,-17.31,21.38,8501.94,296.87
evt_1760041800_168,300.0,300,2025-10-09 21:45:00,EURUSD,2,3879.59,-2250.36,45.63,8501.94,296.87
evt_1760041800_168,300.0,300,2025-10-09 21:45:00,NZDCHF,3,2804.94,-589.71,32.99,8501.94,296.87
evt_1760061600_169,300.0,300,2025-10-10 02:00:00,CADJPY,1,1818.2,-44.93,21.37,8509.72,298.57
evt_1760061600_169,300.0,300,2025-10-10 02:00:00,EURUSD,2,3883.72,-2043.72,45.64,8509.72,298.57
evt_1760061600_169,300.0,300,2025-10-10 02:00:00,NZDCHF,3,2807.79,-584.21,33.0,8509.72,298.57
evt_1760065200_170,300.0,300,2025-10-10 03:00:00,CADJPY,1,1818.24,-28.3,21.36,8512.49,299.9
evt_1760065200_170,300.0,300,2025-10-10 03:00:00,EURUSD,2,3885.0,-1979.88,45.64,8512.49,299.9
evt_1760065200_170,300.0,300,2025-10-10 03:00:00,NZDCHF,3,2809.25,-543.84,33.0,8512.49,299.9
evt_1760428800_171,300.0,300,2025-10-14 10:30:00,CADJPY,0,0.0,0.0,0.0,8598.24,274.82
evt_1760428800_171,300.0,300,2025-10-14 10:30:00,EURUSD,3,5818.13,-2698.92,67.67,8598.24,274.82
evt_1760428800_171,300.0,300,2025-10-14 10:30:00,NZDCHF,3,2780.12,-1760.88,32.33,8598.24,274.82
evt_1760523300_172,300.0,300,2025-10-15 10:15:00,CADJPY,0,0.0,0.0,0.0,8661.26,298.94
evt_1760523300_172,300.0,300,2025-10-15 10:15:00,EURUSD,3,5861.97,-506.52,67.68,8661.26,298.94
evt_1760523300_172,300.0,300,2025-10-15 10:15:00,NZDCHF,3,2799.29,-1675.42,32.32,8661.26,298.94
evt_1760525100_173,300.0,300,2025-10-15 10:45:00,CADJPY,0,0.0,0.0,0.0,8662.08,299.38
evt_1760525100_173,300.0,300,2025-10-15 10:45:00,EURUSD,3,5864.34,-388.08,67.7,8662.08,299.38
evt_1760525100_173,300.0,300,2025-10-15 10:45:00,NZDCHF,3,2797.74,-1753.35,32.3,8662.08,299.38
evt_1760528700_174,300.0,300,2025-10-15 12:00:00,CADJPY,0,0.0,0.0,0.0,8660.57,299.14
evt_1760528700_174,300.0,300,2025-10-15 12:00:00,EURUSD,3,5861.57,-526.68,67.68,8660.57,299.14
evt_1760528700_174,300.0,300,2025-10-15 12:00:00,NZDCHF,3,2799.0,-1640.0,32.32,8660.57,299.14
evt_1760533200_175,300.0,300,2025-10-15 20:00:00,CADJPY,0,0.0,0.0,0.0,8654.41,292.66
evt_1760533200_175,300.0,300,2025-10-15 20:00:00,EURUSD,3,5863.59,-425.88,67.75,8654.41,292.66
evt_1760533200_175,300.0,300,2025-10-15 20:00:00,NZDCHF,3,2790.82,-2320.07,32.25,8654.41,292.66
evt_1761667200_176,300.0,300,2025-10-28 18:45:00,CADJPY,2,3695.05,-724.48,38.84,9513.65,278.4
evt_1761667200_176,300.0,300,2025-10-28 18:45:00,EURUSD,1,2005.33,-159.1,21.08,9513.65,278.4
evt_1761667200_176,300.0,300,2025-10-28 18:45:00,NZDCHF,4,3813.27,-1295.76,40.08,9513.65,278.4
evt_1761760800_177,300.0,300,2025-10-29 19:00:00,CADJPY,2,3707.57,-952.24,38.87,9539.07,289.05
evt_1761760800_177,300.0,300,2025-10-29 19:00:00,EURUSD,1,2005.86,97.18,21.03,9539.07,289.05
evt_1761760800_177,300.0,300,2025-10-29 19:00:00,NZDCHF,4,3825.64,-347.96,40.1,9539.07,289.05
evt_1761775200_178,300.0,300,2025-10-29 22:15:00,CADJPY,2,3691.47,-1070.37,38.86,9498.55,288.67
evt_1761775200_178,300.0,300,2025-10-29 22:15:00,EURUSD,1,2014.68,139.2,21.21,9498.55,288.67
evt_1761775200_178,300.0,300,2025-10-29 22:15:00,NZDCHF,4,3792.41,-540.28,39.93,9498.55,288.67
evt_1761930000_179,300.0,300,2025-11-05 00:00:00,CADJPY,3,5494.76,-252.15,49.0,11214.16,236.59
evt_1761930000_179,300.0,300,2025-11-05 00:00:00,EURUSD,1,1997.28,-422.82,17.81,11214.16,236.59
evt_1761930000_179,300.0,300,2025-11-05 00:00:00,NZDCHF,4,3722.12,-1695.89,33.19,11214.16,236.59
evt_1763146800_180,300.0,300,2025-11-17 00:00:00,CADJPY,1,1889.15,-49.05,19.43,9723.91,259.28
evt_1763146800_180,300.0,300,2025-11-17 00:00:00,EURUSD,2,4090.66,-751.52,42.07,9723.91,259.28
evt_1763146800_180,300.0,300,2025-11-17 00:00:00,NZDCHF,4,3744.1,-3473.59,38.5,9723.91,259.28
evt_1763460000_181,300.0,300,2025-11-18 10:00:00,CADJPY,1,1887.67,-21.55,19.44,9711.67,262.82
evt_1763460000_181,300.0,300,2025-11-18 10:00:00,EURUSD,2,4085.1,-473.44,42.06,9711.67,262.82
evt_1763460000_181,300.0,300,2025-11-18 10:00:00,NZDCHF,4,3738.9,-3525.71,38.5,9711.67,262.82
evt_1763676000_182,300.0,300,2025-11-21 00:15:00,CADJPY,2,3794.5,-470.37,39.82,9528.78,268.21
evt_1763676000_182,300.0,300,2025-11-21 00:15:00,EURUSD,1,2052.16,-81.88,21.54,9528.78,268.21
evt_1763676000_182,300.0,300,2025-11-21 00:15:00,NZDCHF,4,3682.12,-3677.26,38.64,9528.78,268.21
evt_1764666000_183,300.0,300,2025-12-02 09:00:00,CADJPY,1,1929.11,7.63,19.5,9890.59,292.68
evt_1764666000_183,300.0,300,2025-12-02 09:00:00,EURUSD,2,4181.11,-610.2,42.27,9890.59,292.68
evt_1764666000_183,300.0,300,2025-12-02 09:00:00,NZDCHF,4,3780.36,-599.03,38.22,9890.59,292.68
evt_1764781200_184,300.0,300,2025-12-03 17:00:00,CADJPY,1,1932.76,26.41,19.48,9922.34,283.06
evt_1764781200_184,300.0,300,2025-12-03 17:00:00,EURUSD,2,4197.2,-1414.8,42.3,9922.34,283.06
evt_1764781200_184,300.0,300,2025-12-03 17:00:00,NZDCHF,4,3792.37,-733.46,38.22,9922.34,283.06
evt_1764882000_185,300.0,300,2025-12-05 09:00:00,CADJPY,0,0.0,0.0,0.0,10132.94,283.86
evt_1764882000_185,300.0,300,2025-12-05 09:00:00,EURUSD,3,6322.76,-1637.32,62.4,10132.94,283.86
evt_1764882000_185,300.0,300,2025-12-05 09:00:00,NZDCHF,4,3810.19,123.65,37.6,10132.94,283.86
evt_1765404000_186,300.0,300,2025-12-10 22:00:00,CADJPY,1,1993.8,-26.83,21.17,9417.08,299.82
evt_1765404000_186,300.0,300,2025-12-10 22:00:00,EURUSD,3,6340.86,-2542.46,67.33,9417.08,299.82
evt_1765404000_186,300.0,300,2025-12-10 22:00:00,NZDCHF,1,1082.42,13.18,11.49,9417.08,299.82
evt_1765414800_187,300.0,300,2025-12-11 03:00:00,CADJPY,1,1993.34,6.71,21.16,9418.86,297.66
evt_1765414800_187,300.0,300,2025-12-11 03:00:00,EURUSD,3,6344.22,-2710.48,67.36,9418.86,297.66
evt_1765414800_187,300.0,300,2025-12-11 03:00:00,NZDCHF,1,1081.3,-48.89,11.48,9418.86,297.66
evt_1765508400_188,300.0,300,2025-12-12 03:15:00,CADJPY,1,2033.55,-23.03,21.45,9481.61,282.38
evt_1765508400_188,300.0,300,2025-12-12 03:15:00,EURUSD,3,6366.17,-3808.03,67.14,9481.61,282.38
evt_1765508400_188,300.0,300,2025-12-12 03:15:00,NZDCHF,1,1081.89,-238.86,11.41,9481.61,282.38
evt_1765566001_189,300.0,300,2025-12-12 19:45:00,CADJPY,1,2033.84,-45.29,21.45,9480.44,281.68
evt_1765566001_189,300.0,300,2025-12-12 19:45:00,EURUSD,3,6367.36,-3867.65,67.16,9480.44,281.68
evt_1765566001_189,300.0,300,2025-12-12 19:45:00,NZDCHF,1,1079.24,-275.16,11.38,9480.44,281.68
evt_1765903500_190,300.0,300,2025-12-16 16:45:00,CADJPY,0,0.0,0.0,0.0,8554.06,295.74
evt_1765903500_190,300.0,300,2025-12-16 16:45:00,EURUSD,3,6395.49,-5274.14,74.77,8554.06,295.74
evt_1765903500_190,300.0,300,2025-12-16 16:45:00,NZDCHF,2,2158.57,-375.87,25.23,8554.06,295.74
evt_1765947600_191,200.0,"300,200",2025-12-26 15:30:00,CADJPY,2,4101.33,-755.73,27.61,14856.75,162.17
evt_1765947600_191,200.0,"300,200",2025-12-26 15:30:00,EURUSD,4,8586.47,-5641.0,57.8,14856.75,162.17
evt_1765947600_191,200.0,"300,200",2025-12-26 15:30:00,NZDCHF,2,2168.95,-510.52,14.6,14856.75,162.17
evt_1770224402_192,300.0,300,2026-02-05 02:30:00,CADJPY,3,6587.22,-1444.39,58.29,11301.15,275.55
evt_1770224402_192,300.0,300,2026-02-05 02:30:00,EURUSD,1,2336.52,-253.44,20.68,11301.15,275.55
evt_1770224402_192,300.0,300,2026-02-05 02:30:00,NZDCHF,2,2377.42,-268.31,21.04,11301.15,275.55
evt_1772634600_193,150.0,"300,200,150",2026-03-16 14:15:00,CADJPY,3,6796.18,-1430.79,36.36,18690.75,129.15
evt_1772634600_193,150.0,"300,200,150",2026-03-16 14:15:00,EURUSD,4,9477.69,-8797.76,50.71,18690.75,129.15
evt_1772634600_193,150.0,"300,200,150",2026-03-16 14:15:00,NZDCHF,2,2416.88,12.26,12.93,18690.75,129.15
evt_1774232102_194,300.0,300,2026-03-23 13:45:00,CADJPY,0,0.0,0.0,0.0,10680.47,244.84
evt_1774232102_194,300.0,300,2026-03-23 13:45:00,EURUSD,4,9486.94,-8335.2,88.83,10680.47,244.84
evt_1774232102_194,300.0,300,2026-03-23 13:45:00,NZDCHF,1,1193.53,-139.95,11.17,10680.47,244.84
evt_1774275300_195,300.0,300,2026-03-23 15:00:00,CADJPY,1,2256.28,14.82,17.35,13003.05,223.77
evt_1774275300_195,300.0,300,2026-03-23 15:00:00,EURUSD,4,9544.6,-5452.46,73.4,13003.05,223.77
evt_1774275300_195,300.0,300,2026-03-23 15:00:00,NZDCHF,1,1202.18,-171.19,9.25,13003.05,223.77
evt_1774303200_196,200.0,"300,200",2026-04-06 01:15:00,CADJPY,2,4445.5,-340.42,27.26,16305.43,160.47
evt_1774303200_196,200.0,"300,200",2026-04-06 01:15:00,EURUSD,4,9508.09,-7277.92,58.31,16305.43,160.47
evt_1774303200_196,200.0,"300,200",2026-04-06 01:15:00,NZDCHF,2,2351.85,-602.27,14.42,16305.43,160.47
evt_1776441600_197,300.0,300,2026-04-17 16:00:00,CADJPY,2,4614.98,-246.82,42.41,10882.72,296.55
evt_1776441600_197,300.0,300,2026-04-17 16:00:00,EURUSD,2,5023.17,-2466.62,46.16,10882.72,296.55
evt_1776441600_197,300.0,300,2026-04-17 16:00:00,NZDCHF,1,1244.57,-204.21,11.44,10882.72,296.55
evt_1785855600_198,300.0,300,2026-08-04 15:30:00,CADJPY,1,2845.7,-15.24,20.95,13584.18,297.96
evt_1785855600_198,300.0,300,2026-08-04 15:30:00,EURUSD,2,6129.54,-2344.79,45.12,13584.18,297.96
evt_1785855600_198,300.0,300,2026-08-04 15:30:00,NZDCHF,3,4608.94,-1589.48,33.93,13584.18,297.96
evt_1785952800_199,300.0,300,2026-08-05 20:30:00,CADJPY,1,2853.93,76.1,20.97,13608.62,294.12
evt_1785952800_199,300.0,300,2026-08-05 20:30:00,EURUSD,2,6146.57,-3195.99,45.17,13608.62,294.12
evt_1785952800_199,300.0,300,2026-08-05 20:30:00,NZDCHF,3,4608.13,-1336.37,33.86,13608.62,294.12
evt_1786021200_200,200.0,"300,200",2026-08-24 03:00:00,CADJPY,1,2901.29,-4.53,14.46,20063.32,165.33
evt_1786021200_200,200.0,"300,200",2026-08-24 03:00:00,EURUSD,4,12479.9,-8828.49,62.2,20063.32,165.33
evt_1786021200_200,200.0,"300,200",2026-08-24 03:00:00,NZDCHF,3,4682.13,-2486.3,23.34,20063.32,165.33
