event_id,start_time,end_time,duration_minutes,min_margin_level,min_margin_time,max_used_margin,min_free_margin,max_floating_loss,worst_threshold_crossed,thresholds_crossed,largest_used_margin_contributor,largest_used_margin_contribution_pct,CADJPY_open_positions_at_min,EURUSD_open_positions_at_min,NZDCHF_open_positions_at_min
evt_1676472300_1,2023-02-15 14:45:00,2023-02-16 04:15:00,810,288.91,2023-02-15 19:15:00,1651.72,3109.14,-787.41,300.0,300,EURUSD,64.81,1,3,1
evt_1676531700_2,2023-02-16 07:15:00,2023-02-16 07:15:00,0,300.0,2023-02-16 07:15:00,1652.02,3304.03,-581.39,300.0,300,EURUSD,64.79,1,3,1
evt_1676534400_3,2023-02-16 08:00:00,2023-02-16 09:00:00,60,297.72,2023-02-16 08:30:00,1651.53,3263.58,-623.27,300.0,300,EURUSD,64.81,1,3,1
evt_1676546100_4,2023-02-16 11:15:00,2023-02-16 12:00:00,45,297.14,2023-02-16 11:30:00,1651.99,3254.39,-632.23,300.0,300,EURUSD,64.78,1,3,1
evt_1676551500_5,2023-02-16 12:45:00,2023-02-24 02:45:00,10920,198.0,2023-02-23 19:00:00,2221.84,2159.86,-1129.22,200.0,"300,200",EURUSD,48.0,2,3,2
evt_1677607200_6,2023-02-28 18:00:00,2023-02-28 21:45:00,225,230.52,2023-02-28 18:45:00,1993.95,2599.99,-1045.21,300.0,300,EURUSD,71.31,1,4,1
evt_1677693600_7,2023-03-01 18:00:00,2023-03-01 23:30:00,330,274.65,2023-03-01 21:15:00,1798.09,3133.63,-619.85,300.0,300,EURUSD,79.53,1,4,0
evt_1677772800_8,2023-03-02 16:00:00,2023-03-03 15:15:00,1395,232.52,2023-03-03 14:30:00,1995.22,2642.28,-1103.06,300.0,300,EURUSD,71.27,1,4,1
evt_1678206600_9,2023-03-07 16:30:00,2023-03-07 16:30:00,0,299.57,2023-03-07 16:30:00,1630.33,3253.65,-658.48,300.0,300,EURUSD,87.49,0,4,1
evt_1678208400_10,2023-03-07 17:00:00,2023-03-10 16:15:00,4275,205.96,2023-03-08 05:45:00,1982.07,2092.55,-1469.73,300.0,300,EURUSD,71.44,1,4,1
evt_1678467600_11,2023-03-10 17:00:00,2023-03-10 17:00:00,0,250.14,2023-03-10 17:00:00,1997.04,2998.3,-562.4,300.0,300,EURUSD,71.65,1,4,1
evt_1678473900_12,2023-03-10 18:45:00,2023-03-10 19:15:00,30,298.0,2023-03-10 18:45:00,1631.95,3229.53,-708.15,300.0,300,EURUSD,87.57,0,4,1
evt_1678478400_13,2023-03-10 20:00:00,2023-03-10 23:45:00,225,288.8,2023-03-10 22:45:00,1631.1,3073.09,-867.95,300.0,300,EURUSD,87.57,0,4,1
evt_1678709700_14,2023-03-13 12:15:00,2023-03-13 13:15:00,60,297.69,2023-03-13 13:15:00,1633.9,3227.51,-694.32,300.0,300,EURUSD,87.53,0,4,1
evt_1678716000_15,2023-03-13 14:00:00,2023-03-13 15:00:00,60,296.83,2023-03-13 14:00:00,1633.27,3212.87,-709.25,300.0,300,EURUSD,87.51,0,4,1
evt_1678734000_16,2023-03-13 19:00:00,2023-03-15 04:45:00,2025,229.84,2023-03-14 12:00:00,2212.85,2865.8,-547.28,300.0,300,EURUSD,64.93,1,4,2
evt_1678858200_17,2023-03-15 05:30:00,2023-03-15 05:45:00,15,299.26,2023-03-15 05:30:00,1853.48,3692.63,-10.96,300.0,300,EURUSD,77.77,0,4,2
evt_1681898400_18,2023-04-19 10:00:00,2023-04-19 12:30:00,150,296.15,2023-04-19 12:00:00,1926.81,3772.62,-639.25,300.0,300,CADJPY,42.62,2,1,3
evt_1681992000_19,2023-04-20 12:00:00,2023-04-20 16:45:00,285,293.06,2023-04-20 15:00:00,1920.8,3697.95,-750.44,300.0,300,CADJPY,42.59,2,1,3
evt_1682420400_20,2023-04-25 11:00:00,2023-04-25 18:30:00,450,271.19,2023-04-25 11:30:00,1965.85,3363.59,-1100.51,300.0,300,EURUSD,42.69,1,2,3
evt_1684846800_21,2023-05-23 13:00:00,2023-05-23 16:45:00,225,293.23,2023-05-23 15:45:00,2000.23,3860.29,-932.18,300.0,300,EURUSD,64.65,1,3,1
evt_1684863000_22,2023-05-23 17:30:00,2023-05-24 04:45:00,675,291.88,2023-05-23 19:00:00,2001.0,3834.65,-957.1,300.0,300,EURUSD,64.62,1,3,1
evt_1685422802_23,2023-05-30 05:00:02,2023-05-31 08:30:00,1649,210.24,2023-05-31 08:00:00,2602.91,2856.28,-1537.67,300.0,300,EURUSD,66.05,2,4,0
evt_1685556000_24,2023-05-31 18:00:00,2023-06-01 17:30:00,1410,221.41,2023-06-01 08:45:00,2406.77,2859.36,-1762.4,300.0,300,EURUSD,71.11,1,4,1
evt_1685955600_25,2023-06-05 09:00:00,2023-06-08 17:45:00,4845,201.9,2023-06-08 16:00:00,2878.43,2844.16,-1517.76,300.0,300,EURUSD,59.84,2,4,1
evt_1686304800_26,2023-06-09 10:00:00,2023-06-09 10:45:00,45,248.84,2023-06-09 10:30:00,2430.35,3615.39,-736.38,300.0,300,EURUSD,70.94,1,4,1
evt_1686585600_27,2023-06-12 16:00:00,2023-06-15 15:30:00,4290,233.93,2023-06-15 10:00:00,2641.96,3520.9,-900.24,300.0,300,EURUSD,65.79,2,4,0
evt_1687456800_28,2023-06-22 18:00:00,2023-06-23 05:00:00,660,289.97,2023-06-22 22:45:00,2089.4,3967.59,-888.65,300.0,300,CADJPY,65.54,3,1,1
evt_1687744800_29,2023-06-26 02:00:00,2023-06-27 04:45:00,1605,285.46,2023-06-27 00:00:00,2089.52,3866.0,-998.74,300.0,300,CADJPY,65.65,3,1,1
evt_1687946400_30,2023-06-28 10:00:00,2023-06-28 17:00:00,420,283.38,2023-06-28 10:30:00,2078.53,3810.93,-1084.23,300.0,300,CADJPY,65.54,3,1,1
evt_1688036400_31,2023-06-29 11:00:00,2023-06-29 14:15:00,195,290.21,2023-06-29 12:45:00,2073.04,3937.69,-989.23,300.0,300,CADJPY,65.52,3,1,1
evt_1688054400_32,2023-06-29 16:00:00,2023-06-29 16:30:00,30,290.31,2023-06-29 16:00:00,2066.18,3932.05,-1027.37,300.0,300,CADJPY,65.58,3,1,1
evt_1688140800_33,2023-06-30 16:00:00,2023-06-30 16:30:00,30,261.17,2023-06-30 16:30:00,2330.5,3756.14,-962.79,300.0,300,CADJPY,58.31,3,1,2
evt_1688378400_34,2023-07-03 10:00:00,2023-07-03 10:45:00,45,265.15,2023-07-03 10:15:00,2331.1,3847.28,-891.82,300.0,300,CADJPY,58.26,3,1,2
evt_1692291600_35,2023-08-17 17:00:00,2023-08-17 22:15:00,315,240.32,2023-08-17 20:30:00,2857.95,3999.83,-948.9,300.0,300,CADJPY,36.28,2,2,3
evt_1695189600_36,2023-09-20 06:00:00,2023-09-20 13:30:00,450,266.11,2023-09-20 10:00:00,2986.73,4947.66,-439.22,300.0,300,EURUSD,53.77,1,3,3
evt_1695744000_37,2023-09-26 16:00:00,2023-09-26 17:15:00,75,273.31,2023-09-26 17:00:00,2675.14,4631.31,-1137.32,300.0,300,EURUSD,79.23,1,4,0
evt_1695834000_38,2023-09-27 17:00:00,2023-09-27 19:30:00,150,243.61,2023-09-27 19:00:00,2659.67,3813.37,-1977.38,300.0,300,EURUSD,79.1,1,4,0
evt_1695947480_39,2023-09-29 00:31:20,2023-09-29 09:45:00,553,290.73,2023-09-29 03:30:00,2425.37,4608.48,-1417.59,300.0,300,EURUSD,87.41,0,4,1
evt_1696004100_40,2023-09-29 16:15:00,2023-10-03 10:45:00,5430,238.49,2023-09-29 20:00:00,2978.08,3685.96,-2396.0,300.0,300,EURUSD,71.11,1,4,1
evt_1696331700_41,2023-10-03 11:15:00,2023-10-03 12:15:00,60,298.07,2023-10-03 11:30:00,2097.3,4152.76,-2179.0,300.0,300,EURUSD,100.0,0,4,0
evt_1696337100_42,2023-10-03 12:45:00,2023-10-04 11:45:00,1380,284.4,2023-10-03 18:45:00,2097.3,3854.84,-2483.0,300.0,300,EURUSD,100.0,0,4,0
evt_1696439700_43,2023-10-04 17:15:00,2023-10-04 17:15:00,0,298.33,2023-10-04 17:15:00,2096.9,4158.78,-2164.0,300.0,300,EURUSD,100.0,0,4,0
evt_1696489200_44,2023-10-05 07:00:00,2023-10-05 16:15:00,555,268.11,2023-10-05 15:30:00,2408.98,4039.88,-1967.23,300.0,300,EURUSD,87.43,0,4,1
evt_1696575600_45,2023-10-06 07:00:00,2023-10-06 10:30:00,210,254.5,2023-10-06 09:30:00,2656.19,4099.03,-1666.75,300.0,300,EURUSD,79.41,1,4,0
evt_1696813200_46,2023-10-09 01:00:00,2023-10-10 11:15:00,2055,273.6,2023-10-09 10:45:00,2424.54,4182.41,-1814.98,300.0,300,EURUSD,87.36,0,4,1
evt_1696946400_47,2023-10-10 14:00:00,2023-10-10 15:45:00,105,293.54,2023-10-10 14:45:00,2425.26,4686.41,-1287.36,300.0,300,EURUSD,87.35,0,4,1
evt_1696954500_48,2023-10-10 16:15:00,2023-10-10 16:30:00,15,298.59,2023-10-10 16:30:00,2424.84,4814.29,-1156.57,300.0,300,EURUSD,87.36,0,4,1
evt_1696959000_49,2023-10-10 17:30:00,2023-10-10 17:30:00,0,299.58,2023-10-10 17:30:00,2426.03,4841.84,-1127.29,300.0,300,EURUSD,87.34,0,4,1
evt_1696970700_50,2023-10-10 20:45:00,2023-10-10 21:00:00,15,298.73,2023-10-10 21:00:00,2426.51,4821.29,-1147.77,300.0,300,EURUSD,87.32,0,4,1
evt_1697029200_51,2023-10-11 13:00:00,2023-10-19 05:15:00,11055,220.64,2023-10-16 06:15:00,2985.37,3565.61,-2032.58,300.0,300,EURUSD,71.19,1,4,1
evt_1697745600_52,2023-10-19 20:00:00,2023-10-20 11:30:00,930,263.71,2023-10-20 09:15:00,2668.17,4354.88,-1336.41,300.0,300,EURUSD,79.46,1,4,0
evt_1698051600_53,2023-10-23 09:00:00,2023-10-23 10:30:00,90,293.71,2023-10-23 09:15:00,2414.52,4673.26,-1254.03,300.0,300,EURUSD,87.68,0,4,1
evt_1698058800_54,2023-10-23 11:00:00,2023-10-24 18:30:00,1890,242.76,2023-10-23 12:45:00,2985.47,4227.68,-1149.82,300.0,300,EURUSD,71.54,1,4,1
evt_1698267600_55,2023-10-25 21:00:00,2023-10-26 01:00:00,240,290.94,2023-10-26 00:00:00,2410.76,4600.52,-1339.83,300.0,300,EURUSD,87.71,0,4,1
evt_1698318000_56,2023-10-26 11:00:00,2023-10-31 11:45:00,7245,223.23,2023-10-30 15:30:00,3214.39,3761.43,-1770.73,300.0,300,EURUSD,66.14,2,4,0
evt_1698814801_57,2023-11-01 05:00:01,2023-11-02 06:00:00,1499,222.96,2023-11-01 21:30:00,2963.33,3616.86,-1820.12,300.0,300,EURUSD,71.56,1,4,1
evt_1698911100_58,2023-11-02 07:45:00,2023-11-02 07:45:00,0,299.88,2023-11-02 07:45:00,2419.22,4835.5,-1124.35,300.0,300,EURUSD,87.6,0,4,1
evt_1698917400_59,2023-11-02 09:30:00,2023-11-02 09:30:00,0,299.8,2023-11-02 09:30:00,2419.24,4833.61,-1126.23,300.0,300,EURUSD,87.6,0,4,1
evt_1698922800_60,2023-11-02 11:00:00,2023-11-02 11:00:00,0,299.95,2023-11-02 11:00:00,2419.19,4837.28,-1122.6,300.0,300,EURUSD,87.61,0,4,1
evt_1698944400_61,2023-11-02 17:00:00,2023-11-02 20:00:00,180,249.42,2023-11-02 19:30:00,2972.24,4433.52,-977.63,300.0,300,EURUSD,71.54,1,4,1
evt_1700146800_62,2023-11-16 15:00:00,2023-11-16 17:00:00,120,282.25,2023-11-16 15:45:00,2808.99,5119.28,-688.36,300.0,300,CADJPY,59.71,3,2,0
evt_1700589600_63,2023-11-21 18:00:00,2023-11-22 11:00:00,1020,240.08,2023-11-21 19:00:00,3181.45,4456.63,-1130.63,300.0,300,EURUSD,53.56,2,3,1
evt_1700835300_64,2023-11-24 14:15:00,2023-11-24 14:15:00,0,298.01,2023-11-24 14:15:00,2599.11,5146.36,-969.43,300.0,300,EURUSD,65.58,1,3,1
evt_1700839800_65,2023-11-24 15:30:00,2023-11-28 04:30:00,5100,286.28,2023-11-28 03:00:00,2609.54,4860.99,-1229.22,300.0,300,EURUSD,65.53,1,3,1
evt_1701169200_66,2023-11-28 11:00:00,2023-11-28 12:15:00,75,289.31,2023-11-28 12:15:00,2609.13,4938.99,-1166.52,300.0,300,EURUSD,65.51,1,3,1
evt_1701194400_67,2023-11-28 18:00:00,2023-11-28 18:30:00,30,276.19,2023-11-28 18:30:00,2617.62,4612.1,-1499.36,300.0,300,EURUSD,65.52,1,3,1
evt_1701262800_68,2023-11-29 13:00:00,2023-11-30 16:30:00,1650,246.16,2023-11-29 21:00:00,2933.27,4287.42,-1521.77,300.0,300,EURUSD,58.46,1,3,2
evt_1701457203_69,2023-12-01 19:00:03,2023-12-01 20:00:00,59,276.29,2023-12-01 19:30:00,2922.64,5152.43,-675.64,300.0,300,EURUSD,58.09,1,3,2
evt_1701712800_70,2023-12-04 18:00:00,2023-12-04 20:30:00,150,294.6,2023-12-04 19:00:00,2909.17,5661.25,-183.06,300.0,300,EURUSD,58.04,1,3,2
evt_1701770400_71,2023-12-05 10:00:00,2023-12-05 14:30:00,270,291.03,2023-12-05 11:15:00,2909.12,5557.29,-297.89,300.0,300,EURUSD,58.13,1,3,2
evt_1701789300_72,2023-12-05 15:15:00,2023-12-05 15:45:00,30,297.73,2023-12-05 15:30:00,2904.03,5742.06,-118.21,300.0,300,EURUSD,58.18,1,3,2
evt_1707994800_73,2024-02-15 11:00:00,2024-03-22 11:30:00,51870,152.9,2024-03-21 02:30:00,5059.39,2670.32,-2777.43,200.0,"300,200",EURUSD,54.17,3,4,1
evt_1712070000_74,2024-04-02 15:00:00,2024-04-03 16:45:00,1545,278.41,2024-04-02 15:00:00,3299.55,5873.97,-1462.78,300.0,300,CADJPY,58.22,3,2,0
evt_1713928500_75,2024-04-24 03:15:00,2024-04-24 08:45:00,330,297.81,2024-04-24 05:00:00,3003.19,5940.46,-2092.69,300.0,300,CADJPY,63.39,3,1,1
evt_1713951000_76,2024-04-24 09:30:00,2024-04-24 09:30:00,0,299.34,2024-04-24 09:30:00,3000.4,5981.03,-2054.92,300.0,300,CADJPY,63.4,3,1,1
evt_1713952800_77,2024-04-24 10:00:00,2024-05-01 09:45:00,10065,206.42,2024-04-29 05:45:00,3718.65,3951.95,-3314.93,300.0,300,CADJPY,51.31,3,2,1
evt_1714564800_78,2024-05-01 12:00:00,2024-05-01 15:45:00,225,295.23,2024-05-01 14:30:00,2983.56,5821.18,-2248.93,300.0,300,CADJPY,63.33,3,1,1
evt_1715013900_79,2024-05-06 16:45:00,2024-05-06 16:45:00,0,299.97,2024-05-06 16:45:00,3013.3,6025.67,-1999.62,300.0,300,CADJPY,63.19,3,1,1
evt_1715016600_80,2024-05-06 17:30:00,2024-05-06 17:30:00,0,299.81,2024-05-06 17:30:00,3013.17,6020.52,-2004.9,300.0,300,CADJPY,63.21,3,1,1
evt_1715049900_81,2024-05-07 02:45:00,2024-05-07 03:00:00,15,299.51,2024-05-07 03:00:00,3009.45,6004.03,-2013.8,300.0,300,CADJPY,63.2,3,1,1
evt_1715054400_82,2024-05-07 04:00:00,2024-06-10 06:45:00,49125,110.99,2024-05-28 18:45:00,5686.57,623.03,-4556.27,150.0,"300,200,150",EURUSD,38.01,3,3,4
evt_1718848800_83,2024-06-20 02:00:00,2024-06-20 10:30:00,510,278.14,2024-06-20 07:15:00,2990.08,5323.78,-2474.75,300.0,300,CADJPY,63.45,3,1,1
evt_1719309600_84,2024-06-25 10:00:00,2024-06-25 14:15:00,255,264.21,2024-06-25 11:15:00,3017.97,4955.23,-2882.35,300.0,300,CADJPY,63.13,3,1,1
evt_1719493200_85,2024-06-27 13:00:00,2024-06-27 15:30:00,150,264.1,2024-06-27 13:00:00,3010.98,4936.07,-2955.31,300.0,300,CADJPY,63.16,3,1,1
evt_1719550800_86,2024-06-28 05:00:00,2024-06-28 17:30:00,750,262.5,2024-06-28 12:45:00,3009.03,4882.41,-3053.69,300.0,300,CADJPY,63.14,3,1,1
evt_1719603900_87,2024-06-28 19:45:00,2024-06-28 20:30:00,45,298.01,2024-06-28 20:00:00,2610.63,5169.41,-3181.92,300.0,300,CADJPY,72.89,3,1,0
evt_1719792000_88,2024-07-01 00:00:00,2024-07-01 17:45:00,1065,288.85,2024-07-01 09:15:00,2613.96,4936.56,-3388.13,300.0,300,CADJPY,72.79,3,1,0
evt_1719860400_89,2024-07-01 19:00:00,2024-07-01 20:45:00,105,298.76,2024-07-01 19:30:00,2601.34,5170.1,-3167.41,300.0,300,CADJPY,72.77,3,1,0
evt_1719871200_90,2024-07-01 22:00:00,2024-08-01 11:00:00,43980,143.97,2024-07-18 13:30:00,5209.0,2140.5,-4062.33,150.0,"300,200,150",EURUSD,44.48,3,3,2
evt_1722913200_91,2024-08-06 03:00:00,2024-08-07 07:15:00,1695,205.71,2024-08-06 16:30:00,3761.36,3947.41,-3420.5,300.0,300,NZDCHF,41.93,2,1,4
evt_1723485600_92,2024-08-12 18:00:00,2024-08-13 15:30:00,1290,266.9,2024-08-13 00:00:00,3797.56,6319.0,-1156.7,300.0,300,NZDCHF,41.93,2,1,4
evt_1723564800_93,2024-08-13 16:00:00,2024-08-13 16:30:00,30,275.72,2024-08-13 16:00:00,3801.61,6671.43,-840.25,300.0,300,NZDCHF,42.04,2,1,4
evt_1723737600_94,2024-08-15 16:00:00,2024-08-19 07:30:00,5250,220.01,2024-08-19 00:00:00,4552.08,5443.31,-1463.54,300.0,300,CADJPY,48.33,3,1,4
evt_1724446800_95,2024-08-23 21:00:00,2024-08-23 21:15:00,15,258.26,2024-08-23 21:00:00,3968.5,6280.55,-1298.08,300.0,300,NZDCHF,41.46,1,2,4
evt_1724698800_96,2024-08-26 19:00:00,2024-08-27 03:30:00,510,256.77,2024-08-27 00:15:00,3962.33,6198.07,-1455.64,300.0,300,NZDCHF,41.35,1,2,4
evt_1724788800_97,2024-08-27 20:00:00,2024-08-28 01:15:00,315,255.59,2024-08-27 21:45:00,3974.71,6182.81,-1470.66,300.0,300,NZDCHF,41.51,1,2,4
evt_1724824800_98,2024-08-28 06:00:00,2024-08-28 16:00:00,600,261.94,2024-08-28 06:00:00,3971.81,6426.34,-1259.0,300.0,300,NZDCHF,41.51,1,2,4
evt_1726592400_99,2024-09-17 17:00:00,2024-09-19 03:00:00,2040,242.38,2024-09-18 21:15:00,4455.75,6344.05,-1292.08,300.0,300,CADJPY,53.79,3,2,1
evt_1727287200_100,2024-09-25 18:00:00,2024-09-27 09:45:00,2385,210.54,2024-09-27 08:45:00,4960.51,5470.78,-1702.92,300.0,300,EURUSD,48.72,2,3,2
evt_1727431200_101,2024-09-27 10:00:00,2024-09-27 10:00:00,0,276.64,2024-09-27 10:00:00,4128.92,7293.39,-743.83,300.0,300,EURUSD,58.26,1,3,2
evt_1727712000_102,2024-09-30 16:00:00,2024-09-30 16:45:00,45,261.35,2024-09-30 16:00:00,4145.02,6688.08,-1337.21,300.0,300,EURUSD,58.25,1,3,2
evt_1729764000_103,2024-10-24 10:00:00,2024-11-01 15:38:33,11858,200.04,2024-11-01 13:30:00,5843.89,5535.29,-2062.81,300.0,300,EURUSD,56.29,2,4,2
evt_1737950400_104,2025-01-27 04:00:00,2025-01-27 13:00:00,540,279.29,2025-01-27 13:00:00,5114.86,9170.62,-1803.25,300.0,300,EURUSD,59.2,1,3,2
evt_1738605600_105,2025-02-03 18:00:00,2025-02-03 23:30:00,330,252.25,2025-02-03 18:45:00,5635.7,8496.14,-2382.87,300.0,300,CADJPY,54.0,3,2,1
evt_1738651500_106,2025-02-04 06:45:00,2025-02-04 08:30:00,105,291.53,2025-02-04 07:00:00,5058.03,9673.43,-1770.93,300.0,300,CADJPY,60.11,3,2,0
evt_1739458800_107,2025-02-13 15:00:00,2025-02-28 04:00:00,20940,193.81,2025-02-24 04:30:00,6911.15,6483.01,-4414.1,200.0,"300,200",EURUSD,46.61,3,3,1
evt_1741730400_108,2025-03-11 22:00:00,2025-03-12 15:30:00,1050,282.61,2025-03-12 00:15:00,4817.94,8773.26,-4122.9,300.0,300,CADJPY,63.45,3,1,1
evt_1741795200_109,2025-03-12 16:00:00,2025-03-13 15:45:00,1425,230.63,2025-03-12 18:45:00,5977.88,7801.75,-3922.37,300.0,300,CADJPY,51.17,3,2,1
evt_1742313600_110,2025-03-18 16:00:00,2025-03-19 10:30:00,1110,277.64,2025-03-18 21:00:00,5500.2,9760.12,-2726.12,300.0,300,CADJPY,55.95,3,1,2
evt_1743087600_111,2025-03-27 15:00:00,2025-03-28 18:00:00,1620,259.74,2025-03-28 11:15:00,6060.41,9645.2,-2496.29,300.0,300,CADJPY,50.85,3,2,1
evt_1744171200_112,2025-04-09 04:00:00,2025-04-09 04:15:00,15,293.83,2025-04-09 04:00:00,4983.22,9645.54,-4320.45,300.0,300,CADJPY,62.1,3,1,1
evt_1745337600_113,2025-04-22 16:00:00,2025-04-22 19:00:00,180,287.67,2025-04-22 17:30:00,5241.67,9828.03,-4466.98,300.0,300,CADJPY,60.72,3,1,1
evt_1745506800_114,2025-04-24 15:00:00,2025-04-24 21:30:00,390,295.84,2025-04-24 18:30:00,5217.66,10194.63,-4219.5,300.0,300,CADJPY,60.84,3,1,1
evt_1745532000_115,2025-04-24 22:00:00,2025-04-24 22:00:00,0,299.59,2025-04-24 22:00:00,5217.59,10413.89,-3988.35,300.0,300,CADJPY,60.83,3,1,1
evt_1745550900_116,2025-04-25 03:15:00,2025-04-25 06:30:00,195,296.94,2025-04-25 04:45:00,5215.9,10261.63,-4144.53,300.0,300,CADJPY,60.88,3,1,1
evt_1745589600_117,2025-04-25 14:00:00,2025-04-28 17:30:00,4530,267.05,2025-04-25 16:00:00,5924.71,9863.71,-3846.61,300.0,300,CADJPY,53.72,3,1,2
evt_1745870400_118,2025-04-28 20:00:00,2025-04-30 16:30:00,2670,267.26,2025-04-29 11:00:00,5931.85,9904.23,-3845.82,300.0,300,CADJPY,53.71,3,1,2
evt_1746108000_119,2025-05-01 14:00:00,2025-05-21 05:00:00,28260,158.32,2025-05-19 04:45:00,9200.07,5325.17,-5956.85,200.0,"300,200",EURUSD,57.77,3,4,1
evt_1751400000_120,2025-07-01 20:00:00,2025-07-08 16:00:00,9840,259.51,2025-07-01 23:45:00,7273.46,11577.21,-3891.75,300.0,300,CADJPY,44.43,3,2,1
evt_1751992200_121,2025-07-08 16:30:00,2025-07-08 16:45:00,15,298.71,2025-07-08 16:45:00,7210.97,14328.6,-1293.54,300.0,300,CADJPY,44.63,3,2,1
evt_1751997600_122,2025-07-08 18:00:00,2025-07-09 07:00:00,780,291.43,2025-07-08 23:00:00,7220.14,13816.38,-1799.2,300.0,300,CADJPY,44.59,3,2,1
evt_1752046200_123,2025-07-09 07:30:00,2025-07-10 17:15:00,2025,259.4,2025-07-10 13:15:00,8053.7,12835.38,-2434.9,300.0,300,CADJPY,39.95,3,2,2
evt_1753362000_124,2025-07-24 13:00:00,2025-07-28 10:45:00,5625,267.19,2025-07-24 17:00:00,8122.96,13580.77,-1952.63,300.0,300,EURUSD,41.21,2,2,2
evt_1760040000_125,2025-10-09 20:00:00,2025-10-10 06:45:00,645,257.11,2025-10-09 21:45:00,9218.85,14449.15,-4902.7,300.0,300,EURUSD,43.19,1,2,4
evt_1760428800_126,2025-10-14 08:00:00,2025-10-16 03:45:00,2625,233.84,2025-10-14 10:30:00,9421.55,12492.22,-6774.09,300.0,300,EURUSD,63.82,0,3,4
evt_1761667200_127,2025-10-28 16:00:00,2025-10-29 09:00:00,1020,263.88,2025-10-28 18:45:00,9292.35,15218.49,-4829.56,300.0,300,CADJPY,40.95,2,1,4
evt_1761760800_128,2025-10-29 18:00:00,2025-10-29 19:00:00,60,274.07,2025-10-29 19:00:00,9311.48,16208.05,-3937.24,300.0,300,CADJPY,40.98,2,1,4
evt_1761775200_129,2025-10-29 22:00:00,2025-10-29 22:15:00,15,273.97,2025-10-29 22:15:00,9281.97,16132.45,-4169.3,300.0,300,CADJPY,40.97,2,1,4
evt_1761930000_130,2025-10-31 17:00:00,2025-11-05 03:00:00,6360,224.25,2025-11-05 00:00:00,11085.81,13704.39,-4919.89,300.0,300,CADJPY,51.1,3,1,4
evt_1763130600_131,2025-11-14 14:30:00,2025-11-14 15:30:00,60,296.96,2025-11-14 14:45:00,7595.52,14960.26,-7725.25,300.0,300,EURUSD,55.53,0,2,4
evt_1763146800_132,2025-11-14 19:00:00,2025-11-17 16:45:00,4185,248.16,2025-11-17 00:00:00,9542.88,14129.98,-6693.3,300.0,300,EURUSD,44.11,1,2,4
evt_1763460000_133,2025-11-18 10:00:00,2025-11-19 16:15:00,1815,252.04,2025-11-18 10:00:00,9529.98,14482.35,-6423.09,300.0,300,EURUSD,44.11,1,2,4
evt_1763676000_134,2025-11-20 22:00:00,2025-11-21 17:00:00,1140,258.37,2025-11-21 00:15:00,9358.75,14785.81,-6589.26,300.0,300,CADJPY,41.78,2,1,4
evt_1764666000_135,2025-12-02 09:00:00,2025-12-02 11:00:00,120,280.24,2025-12-02 09:00:00,9747.55,17566.99,-3873.46,300.0,300,EURUSD,44.57,1,2,4
evt_1764781200_136,2025-12-03 17:00:00,2025-12-03 18:45:00,105,270.36,2025-12-03 17:00:00,9796.04,16657.68,-4822.3,300.0,300,EURUSD,44.59,1,2,4
evt_1764882000_137,2025-12-04 21:00:00,2026-01-09 17:00:00,51600,131.78,2025-12-26 15:30:00,16557.03,5257.96,-10167.78,150.0,"300,200,150",EURUSD,53.61,2,4,4
evt_1770179400_138,2026-02-04 04:30:00,2026-02-10 21:45:00,9675,232.86,2026-02-06 00:15:00,12831.74,16927.19,-4488.72,300.0,300,CADJPY,53.24,3,1,4
evt_1770761700_139,2026-02-10 22:15:00,2026-02-10 22:15:00,0,299.97,2026-02-10 22:15:00,10457.17,20910.89,-2865.79,300.0,300,CADJPY,65.65,3,0,4
evt_1770766200_140,2026-02-10 23:30:00,2026-02-11 06:30:00,420,242.83,2026-02-11 02:00:01,12933.64,18421.84,-3050.05,300.0,300,CADJPY,53.2,3,1,4
evt_1771812900_141,2026-02-23 02:15:00,2026-02-23 02:15:00,0,299.65,2026-02-23 02:15:00,10881.79,21725.47,-2647.77,300.0,300,EURUSD,46.08,1,2,4
evt_1771912800_142,2026-02-24 06:00:00,2026-02-24 09:00:00,180,288.84,2026-02-24 06:30:00,10871.82,20510.44,-3940.14,300.0,300,EURUSD,45.94,1,2,4
evt_1772125200_143,2026-02-26 17:00:00,2026-04-08 08:51:37,58551,97.68,2026-03-19 01:15:00,20226.72,-465.67,-16862.98,100.0,"300,200,150,100",EURUSD,48.26,3,4,4
evt_1776337200_144,2026-04-16 11:00:00,2026-04-17 17:30:00,1830,223.34,2026-04-17 16:00:00,13279.15,16378.8,-5930.87,300.0,300,EURUSD,38.18,2,2,4
evt_1776708000_145,2026-04-20 18:00:00,2026-04-20 20:30:00,150,281.72,2026-04-20 18:15:00,10889.26,19786.59,-5096.27,300.0,300,EURUSD,46.32,1,2,4
evt_1786928646_146,2026-08-17 01:04:06,2026-08-18 06:15:00,1750,283.2,2026-08-17 11:15:00,14388.16,26358.53,-6257.5,300.0,300,EURUSD,67.32,1,3,1
evt_1787068800_147,2026-08-18 16:00:00,2026-08-19 15:30:00,1410,231.57,2026-08-19 15:30:00,17456.62,22968.23,-6652.96,300.0,300,EURUSD,55.56,2,3,1
evt_1787202000_148,2026-08-20 05:00:00,2026-08-20 11:15:00,375,258.93,2026-08-20 11:00:00,14517.27,23071.58,-9707.65,300.0,300,EURUSD,67.18,1,3,1
evt_1787335203_149,2026-08-21 18:00:03,2026-08-28 19:00:00,10139,214.46,2026-08-24 03:00:00,17833.07,20411.65,-9187.71,300.0,300,EURUSD,73.26,1,4,1
evt_1788143400_150,2026-08-31 02:30:00,2026-08-31 03:00:00,30,298.38,2026-08-31 03:00:00,14646.37,29055.84,-4036.75,300.0,300,EURUSD,88.49,0,4,1
evt_1788147000_151,2026-08-31 03:30:00,2026-08-31 03:45:00,15,298.53,2026-08-31 03:45:00,14645.51,29076.35,-4017.09,300.0,300,EURUSD,88.49,0,4,1
evt_1788149700_152,2026-08-31 04:15:00,2026-08-31 09:00:00,285,297.82,2026-08-31 07:00:00,14647.46,28975.45,-4116.05,300.0,300,EURUSD,88.48,0,4,1
evt_1788168600_153,2026-08-31 09:30:00,2026-09-01 10:45:00,1515,238.09,2026-08-31 18:30:00,17778.0,24546.43,-5843.49,300.0,300,EURUSD,73.07,1,4,1
evt_1788261300_154,2026-09-01 11:15:00,2026-09-01 13:15:00,120,297.42,2026-09-01 12:30:00,14647.38,28916.21,-4251.26,300.0,300,EURUSD,88.53,0,4,1
evt_1788270300_155,2026-09-01 13:45:00,2026-09-01 13:45:00,0,299.73,2026-09-01 13:45:00,14639.98,29240.8,-3934.07,300.0,300,EURUSD,88.53,0,4,1
evt_1788272100_156,2026-09-01 14:15:00,2026-09-01 14:45:00,30,298.74,2026-09-01 14:15:00,14643.51,29102.47,-4068.87,300.0,300,EURUSD,88.53,0,4,1
evt_1788275700_157,2026-09-01 15:15:00,2026-09-02 08:00:00,1005,245.59,2026-09-02 01:00:00,17737.62,25821.94,-4907.16,300.0,300,EURUSD,73.09,1,4,1
evt_1788415200_158,2026-09-03 06:00:00,2026-09-11 13:45:00,11985,231.4,2026-09-09 09:15:00,17860.69,23467.53,-7819.81,300.0,300,EURUSD,72.87,1,4,1
evt_1789141500_159,2026-09-11 15:45:00,2026-09-11 19:30:00,225,294.06,2026-09-11 17:45:00,14660.06,28448.24,-5458.3,300.0,300,EURUSD,88.57,0,4,1
evt_1789365600_160,2026-09-14 06:00:00,2026-09-14 10:15:00,255,254.31,2026-09-14 06:00:00,17777.99,27433.61,-3408.84,300.0,300,EURUSD,72.79,1,4,1
evt_1789423200_161,2026-09-14 22:00:00,2026-09-16 21:00:00,2820,259.81,2026-09-16 08:45:00,17751.21,28332.77,-2646.9,300.0,300,EURUSD,72.83,1,4,1
evt_1790078400_162,2026-09-22 12:00:00,2026-09-24 23:45:00,3585,274.75,2026-09-24 13:15:00,16258.65,28177.38,-4999.27,300.0,300,CADJPY,58.44,3,1,2
