Date,DailySwap,CumulativeSwap,OpenPositions,BalanceBefore,BalanceAfter
2023-01-03,-0.46,-0.46,2,5007.36,5006.9
2023-01-04,-0.95,-1.41,4,5051.0487,5050.0987
2023-01-05,-0.98,-2.39,4,5082.1587,5081.1787
2023-01-06,-0.28,-2.67,1,5135.5087,5135.2287
2023-01-07,-0.49,-3.16,2,5181.3887,5180.8987
2023-01-08,-0.49,-3.65,2,5180.8987,5180.4087
2023-01-09,-0.49,-4.14,2,5180.4087,5179.9187
2023-01-10,-0.98,-5.12,4,5189.3387,5188.3587
2023-01-11,-0.21,-5.33,1,5220.7688,5220.5588
2023-01-12,-0.77,-6.1,3,5232.0087,5231.2388
2023-01-13,-0.98,-7.08,4,5236.6588,5235.6788
2023-01-14,-1.12,-8.2,3,5247.1334,5246.0134
2023-01-15,-1.12,-9.32,3,5246.0134,5244.8934
2023-01-16,-1.12,-10.44,3,5244.8934,5243.7734
2023-01-17,-1.3,-11.74,4,5275.5434,5274.2434
2023-01-18,-1.23,-12.97,5,5308.3181,5307.0881
2023-01-19,-2.28,-15.25,8,5326.5907,5324.3107
2023-01-20,-2.28,-17.53,8,5324.3107,5322.0307
2023-01-21,-1.97,-19.5,7,5331.5907,5329.6207
2023-01-22,-1.97,-21.47,7,5329.6207,5327.6507
2023-01-23,-1.97,-23.44,7,5327.6507,5325.6807
2023-01-24,-2.11,-25.55,6,5345.7847,5343.6747
2023-01-25,-2.32,-27.87,7,5349.8347,5347.5147
2023-01-26,-2.32,-30.19,7,5371.8047,5369.4847
2023-01-27,-2.11,-32.3,6,5401.5147,5399.4047
2023-01-28,-2.15,-34.45,6,5421.5064,5419.3564
2023-01-29,-2.15,-36.6,6,5419.3564,5417.2064
2023-01-30,-2.15,-38.75,6,5417.2064,5415.0564
2023-01-31,-1.87,-40.62,5,5433.0964,5431.2264
2023-02-01,-1.84,-42.46,6,5486.4317,5484.5917
2023-02-02,-1.0,-43.46,4,5528.6057,5527.6057
2023-02-03,-1.28,-44.74,5,5567.8987,5566.6187
2023-02-04,-2.44,-47.18,8,5577.9624,5575.5224
2023-02-05,-2.44,-49.62,8,5575.5224,5573.0824
2023-02-06,-2.44,-52.06,8,5573.0824,5570.6424
2023-02-07,-2.44,-54.5,8,5570.6424,5568.2024
2023-02-08,-3.32,-57.82,10,5566.2425,5562.9225
2023-02-09,-3.04,-60.86,9,5570.3282,5567.2882
2023-02-10,-2.57,-63.43,7,5587.7073,5585.1373
2023-02-11,-2.57,-66.0,7,5598.4154,5595.8454
2023-02-12,-2.57,-68.57,7,5595.8454,5593.2754
2023-02-13,-2.57,-71.14,7,5593.2754,5590.7054
2023-02-14,-2.89,-74.03,7,5617.4275,5614.5375
2023-02-15,-2.58,-76.61,6,5632.5125,5629.9325
2023-02-16,-2.58,-79.19,6,5655.7308,5653.1508
2023-02-17,-2.3,-81.49,5,5675.0208,5672.7208
2023-02-18,-2.3,-83.79,5,5687.0135,5684.7135
2023-02-19,-2.3,-86.09,5,5684.7135,5682.4135
2023-02-20,-2.3,-88.39,5,5682.4135,5680.1135
2023-02-21,-2.62,-91.01,6,5698.6985,5696.0785
2023-02-22,-2.37,-93.38,5,5733.2447,5730.8747
2023-02-23,-2.69,-96.07,6,5750.3678,5747.6778
2023-02-24,-2.76,-98.83,6,5774.9895,5772.2295
2023-02-25,-3.01,-101.84,7,5791.3278,5788.3178
2023-02-26,-3.01,-104.85,7,5788.3178,5785.3078
2023-02-27,-3.01,-107.86,7,5785.3078,5782.2978
2023-02-28,-3.61,-111.47,8,5801.3432,5797.7332
2023-03-01,-3.64,-115.11,8,5807.9439,5804.3039
2023-03-02,-3.86,-118.97,9,5817.2046,5813.3446
2023-03-03,-3.86,-122.83,9,5813.3446,5809.4846
2023-03-04,-3.86,-126.69,9,5816.696,5812.836
2023-03-05,-3.86,-130.55,9,5812.836,5808.976
2023-03-06,-3.86,-134.41,9,5808.976,5805.116
2023-03-07,-4.14,-138.55,10,5804.4418,5800.3018
2023-03-08,-4.11,-142.66,10,5806.9425,5802.8325
2023-03-09,-4.39,-147.05,11,5802.1696,5797.7796
2023-03-10,-4.11,-151.16,10,5805.1168,5801.0068
2023-03-11,-2.65,-153.81,5,5838.5988,5835.9488
2023-03-12,-2.65,-156.46,5,5835.9488,5833.2988
2023-03-13,-2.65,-159.11,5,5833.2988,5830.6488
2023-03-14,-3.29,-162.4,7,5866.8651,5863.5751
2023-03-15,-2.65,-165.05,5,5898.0601,5895.4101
2023-03-16,-0.25,-165.3,1,6067.4557,6067.2057
2023-03-17,-0.25,-165.55,1,6101.8831,6101.6331
2023-03-18,-1.24,-166.79,3,6175.7248,6174.4848
2023-03-19,-1.24,-168.03,3,6174.4848,6173.2448
2023-03-20,-1.24,-169.27,3,6173.2448,6172.0048
2023-03-21,-0.57,-169.84,2,6211.1785,6210.6085
2023-03-22,-0.82,-170.66,3,6225.4207,6224.6007
2023-03-23,-0.89,-171.55,3,6241.5131,6240.6231
2023-03-24,-1.56,-173.11,5,6285.0491,6283.4891
2023-03-25,-0.28,-173.39,1,6318.25,6317.97
2023-03-26,-0.28,-173.67,1,6317.97,6317.69
2023-03-27,-0.28,-173.95,1,6317.69,6317.41
2023-03-28,-1.23,-175.18,3,6341.7303,6340.5003
2023-03-29,-1.23,-176.41,4,6370.612,6369.382
2023-03-30,-1.55,-177.96,4,6385.4701,6383.9201
2023-03-31,-1.62,-179.58,4,6410.5893,6408.9693
2023-04-01,-1.27,-180.85,4,6473.5675,6472.2975
2023-04-02,-1.27,-182.12,4,6472.2975,6471.0275
2023-04-03,-1.27,-183.39,4,6471.0275,6469.7575
2023-04-04,-0.63,-184.02,2,6528.4637,6527.8337
2023-04-05,-0.56,-184.58,2,6544.6703,6544.1103
2023-04-06,-1.23,-185.81,4,6573.8885,6572.6585
2023-04-07,-0.91,-186.72,3,6641.7283,6640.8183
2023-04-08,-1.26,-187.98,3,6648.2389,6646.9789
2023-04-09,-1.26,-189.24,3,6646.9789,6645.7189
2023-04-10,-1.26,-190.5,3,6645.7189,6644.4589
2023-04-11,-0.98,-191.48,3,6683.7028,6682.7228
2023-04-12,-0.35,-191.83,1,6765.2309,6764.8809
2023-04-13,-0.98,-192.81,3,6782.8709,6781.8909
2023-04-14,-1.33,-194.14,4,6781.1909,6779.8609
2023-04-15,-1.61,-195.75,5,6814.0828,6812.4728
2023-04-16,-1.61,-197.36,5,6812.4728,6810.8628
2023-04-17,-1.61,-198.97,5,6810.8628,6809.2528
2023-04-18,-0.91,-199.88,3,6824.5028,6823.5928
2023-04-19,-0.63,-200.51,2,6875.7965,6875.1665
2023-04-20,-0.63,-201.14,2,6956.2369,6955.6069
2023-04-21,-0.63,-201.77,2,6994.3075,6993.6775
2023-04-22,-2.0,-203.77,5,7006.9688,7004.9688
2023-04-23,-2.0,-205.77,5,7004.9688,7002.9688
2023-04-24,-2.0,-207.77,5,7002.9688,7000.9688
2023-04-25,-1.72,-209.49,4,7020.7974,7019.0774
2023-04-26,-1.41,-210.9,4,7114.7627,7113.3527
2023-04-27,-1.41,-212.31,4,7167.9562,7166.5462
2023-04-28,-1.06,-213.37,3,7230.8999,7229.8399
2023-04-29,-2.15,-215.52,5,7236.9378,7234.7878
2023-04-30,-2.15,-217.67,5,7234.7878,7232.6378
2023-05-01,-2.15,-219.82,5,7232.6378,7230.4878
2023-05-02,-2.82,-222.64,7,7238.2721,7235.4521
2023-05-03,-1.48,-224.12,3,7282.7994,7281.3194
2023-05-04,-1.1,-225.22,3,7326.194,7325.094
2023-05-05,-0.71,-225.93,2,7374.531,7373.821
2023-05-06,-1.7,-227.63,5,7381.3092,7379.6092
2023-05-07,-1.7,-229.33,5,7379.6092,7377.9092
2023-05-08,-1.7,-231.03,5,7377.9092,7376.2092
2023-05-09,-2.82,-233.85,7,7373.6282,7370.8082
2023-05-10,-2.12,-235.97,5,7399.7142,7397.5942
2023-05-11,-2.47,-238.44,6,7415.766,7413.296
2023-05-12,-2.47,-240.91,6,7418.0535,7415.5835
2023-05-13,-3.21,-244.12,8,7423.9383,7420.7283
2023-05-14,-3.21,-247.33,8,7420.7283,7417.5183
2023-05-15,-3.21,-250.54,8,7417.5183,7414.3083
2023-05-16,-3.55,-254.09,8,7427.4838,7423.9338
2023-05-17,-3.94,-258.03,9,7427.88,7423.94
2023-05-18,-3.94,-261.97,9,7442.6813,7438.7413
2023-05-19,-4.33,-266.3,10,7442.6738,7438.3438
2023-05-20,-4.71,-271.01,10,7460.406,7455.696
2023-05-21,-4.71,-275.72,10,7455.696,7450.986
2023-05-22,-4.71,-280.43,10,7450.986,7446.276
2023-05-23,-4.71,-285.14,10,7459.2973,7454.5873
2023-05-24,-4.71,-289.85,10,7469.0217,7464.3117
2023-05-25,-5.03,-294.88,11,7487.8547,7482.8247
2023-05-26,-5.03,-299.91,11,7496.9047,7491.8747
2023-05-27,-4.64,-304.55,10,7525.3881,7520.7481
2023-05-28,-4.64,-309.19,10,7520.7481,7516.1081
2023-05-29,-4.64,-313.83,10,7516.1081,7511.4681
2023-05-30,-5.03,-318.86,11,7515.3547,7510.3247
2023-05-31,-5.84,-324.7,12,7532.243,7526.403
2023-06-01,-6.23,-330.93,13,7525.633,7519.403
2023-06-02,-5.84,-336.77,12,7538.5919,7532.7519
2023-06-03,-5.84,-342.61,12,7537.3963,7531.5563
2023-06-04,-5.84,-348.45,12,7531.5563,7525.7163
2023-06-05,-5.84,-354.29,12,7525.7163,7519.8763
2023-06-06,-5.45,-359.74,11,7534.3474,7528.8974
2023-06-07,-5.84,-365.58,12,7546.6074,7540.7674
2023-06-08,-5.45,-371.03,11,7555.5808,7550.1308
2023-06-09,-5.45,-376.48,11,7568.7574,7563.3074
2023-06-10,-4.79,-381.27,9,7614.1469,7609.3569
2023-06-11,-4.79,-386.06,9,7609.3569,7604.5669
2023-06-12,-4.79,-390.85,9,7604.5669,7599.7769
2023-06-13,-4.4,-395.25,8,7623.8128,7619.4128
2023-06-14,-4.79,-400.04,9,7628.6842,7623.8942
2023-06-15,-5.18,-405.22,10,7623.1242,7617.9442
2023-06-16,-2.48,-407.7,7,7782.2567,7779.7767
2023-06-17,-3.29,-410.99,8,7778.0134,7774.7234
2023-06-18,-3.29,-414.28,8,7774.7234,7771.4334
2023-06-19,-3.29,-417.57,8,7771.4334,7768.1434
2023-06-20,-2.06,-419.63,6,7823.1361,7821.0761
2023-06-21,-2.9,-422.53,7,7855.8761,7852.9761
2023-06-22,-1.7,-424.23,5,7970.8636,7969.1636
2023-06-23,-2.12,-426.35,5,8011.4678,8009.3478
2023-06-24,-1.28,-427.63,4,8064.7211,8063.4411
2023-06-25,-1.28,-428.91,4,8063.4411,8062.1611
2023-06-26,-1.28,-430.19,4,8062.1611,8060.8811
2023-06-27,-2.51,-432.7,6,8073.5582,8071.0482
2023-06-28,-1.7,-434.4,5,8142.7653,8141.0653
2023-06-29,-1.7,-436.1,5,8189.7928,8188.0928
2023-06-30,-1.7,-437.8,5,8275.3614,8273.6614
2023-07-01,-1.74,-439.54,5,8332.9625,8331.2225
2023-07-02,-1.74,-441.28,5,8331.2225,8329.4825
2023-07-03,-1.74,-443.02,5,8329.4825,8327.7425
2023-07-04,-2.16,-445.18,6,8411.3709,8409.2109
2023-07-05,-2.62,-447.8,7,8442.4851,8439.8651
2023-07-06,-2.58,-450.38,6,8473.4327,8470.8527
2023-07-07,-2.58,-452.96,6,8483.1305,8480.5505
2023-07-08,-2.16,-455.12,6,8558.9726,8556.8126
2023-07-09,-2.16,-457.28,6,8556.8126,8554.6526
2023-07-10,-2.16,-459.44,6,8554.6526,8552.4926
2023-07-11,-2.12,-461.56,6,8563.6182,8561.4982
2023-07-12,-3.49,-465.05,8,8558.5903,8555.1003
2023-07-13,-4.83,-469.88,11,8552.2003,8547.3703
2023-07-14,-4.83,-474.71,11,8547.3703,8542.5403
2023-07-15,-5.74,-480.45,12,8540.5013,8534.7613
2023-07-16,-5.74,-486.19,12,8534.7613,8529.0213
2023-07-17,-5.74,-491.93,12,8529.0213,8523.2813
2023-07-18,-5.74,-497.67,12,8523.2813,8517.5413
2023-07-19,-5.74,-503.41,12,8517.5413,8511.8013
2023-07-20,-5.74,-509.15,12,8511.8013,8506.0613
2023-07-21,-5.74,-514.89,12,8506.0613,8500.3213
2023-07-22,-5.74,-520.63,12,8500.3213,8494.5813
2023-07-23,-5.74,-526.37,12,8494.5813,8488.8413
2023-07-24,-5.74,-532.11,12,8488.8413,8483.1013
2023-07-25,-3.92,-536.03,10,8563.8382,8559.9182
2023-07-26,-3.92,-539.95,10,8559.9182,8555.9982
2023-07-27,-3.92,-543.87,10,8592.015,8588.095
2023-07-28,-2.66,-546.53,7,8658.8119,8656.1519
2023-07-29,-2.66,-549.19,7,8701.1824,8698.5224
2023-07-30,-2.66,-551.85,7,8698.5224,8695.8624
2023-07-31,-2.66,-554.51,7,8695.8624,8693.2024
2023-08-01,-3.57,-558.08,8,8691.2045,8687.6345
2023-08-02,-2.66,-560.74,7,8735.1166,8732.4566
2023-08-03,-2.19,-562.93,5,8763.6095,8761.4195
2023-08-04,-3.98,-566.91,8,8786.6099,8782.6299
2023-08-05,-1.74,-568.65,5,8912.9047,8911.1647
2023-08-06,-1.74,-570.39,5,8911.1647,8909.4247
2023-08-07,-1.74,-572.13,5,8909.4247,8907.6847
2023-08-08,-2.69,-574.82,6,8926.0399,8923.3499
2023-08-09,-1.74,-576.56,5,8983.7207,8981.9807
2023-08-10,-2.72,-579.28,6,9026.2254,9023.5054
2023-08-11,-2.23,-581.51,5,9094.8745,9092.6445
2023-08-12,-1.77,-583.28,5,9167.7647,9165.9947
2023-08-13,-1.77,-585.05,5,9165.9947,9164.2247
2023-08-14,-1.77,-586.82,5,9164.2247,9162.4547
2023-08-15,-1.77,-588.59,5,9204.9483,9203.1783
2023-08-16,-2.26,-590.85,5,9238.1021,9235.8421
2023-08-17,-2.75,-593.6,6,9265.1954,9262.4454
2023-08-18,-3.24,-596.84,6,9301.178,9297.938
2023-08-19,-3.73,-600.57,7,9332.8927,9329.1627
2023-08-20,-3.73,-604.3,7,9329.1627,9325.4327
2023-08-21,-3.73,-608.03,7,9325.4327,9321.7027
2023-08-22,-4.19,-612.22,8,9338.5467,9334.3567
2023-08-23,-1.28,-613.5,4,9483.9848,9482.7048
2023-08-24,-2.78,-616.28,6,9517.4622,9514.6822
2023-08-25,-1.28,-617.56,4,9631.318,9630.038
2023-08-26,-2.3,-619.86,6,9723.8785,9721.5785
2023-08-27,-2.3,-622.16,6,9721.5785,9719.2785
2023-08-28,-2.3,-624.46,6,9719.2785,9716.9785
2023-08-29,-2.3,-626.76,6,9736.6285,9734.3285
2023-08-30,-2.3,-629.06,6,9835.3365,9833.0365
2023-08-31,-2.3,-631.36,6,9845.8915,9843.5915
2023-09-01,-2.79,-634.15,7,9889.659,9886.869
2023-09-02,-2.34,-636.49,6,10012.584,10010.244
2023-09-03,-2.34,-638.83,6,10010.244,10007.904
2023-09-04,-2.34,-641.17,6,10007.904,10005.564
2023-09-05,-3.88,-645.05,8,10002.0501,9998.1701
2023-09-06,-4.41,-649.46,9,9997.1201,9992.7101
2023-09-07,-5.95,-655.41,11,9989.2279,9983.2779
2023-09-08,-5.95,-661.36,11,9983.2779,9977.3279
2023-09-09,-6.44,-667.8,12,9976.1029,9969.6629
2023-09-10,-6.44,-674.24,12,9969.6629,9963.2229
2023-09-11,-6.44,-680.68,12,9963.2229,9956.7829
2023-09-12,-6.44,-687.12,12,9956.7829,9950.3429
2023-09-13,-6.44,-693.56,12,9950.3429,9943.9029
2023-09-14,-6.44,-700.0,12,9943.9029,9937.4629
2023-09-15,-6.44,-706.44,12,9937.4629,9931.0229
2023-09-16,-7.49,-713.93,13,9928.7801,9921.2901
2023-09-17,-7.49,-721.42,13,9921.2901,9913.8001
2023-09-18,-7.49,-728.91,13,9913.8001,9906.3101
2023-09-19,-7.49,-736.4,13,9906.3101,9898.8201
2023-09-20,-7.49,-743.89,13,9898.8201,9891.3301
2023-09-21,-7.49,-751.38,13,9891.3301,9883.8401
2023-09-22,-7.49,-758.87,13,9883.8401,9876.3501
2023-09-23,-7.49,-766.36,13,9876.3501,9868.8601
2023-09-24,-7.49,-773.85,13,9868.8601,9861.3701
2023-09-25,-7.49,-781.34,13,9861.3701,9853.8801
2023-09-26,-7.49,-788.83,13,9853.8801,9846.3901
2023-09-27,-8.54,-797.37,14,9844.1615,9835.6215
2023-09-28,-8.54,-805.91,14,9835.6215,9827.0815
2023-09-29,-8.54,-814.45,14,9827.0815,9818.5415
2023-09-30,-8.54,-822.99,14,9818.5415,9810.0015
2023-10-01,-8.54,-831.53,14,9810.0015,9801.4615
2023-10-02,-8.54,-840.07,14,9801.4615,9792.9215
2023-10-03,-8.54,-848.61,14,9792.9215,9784.3815
2023-10-04,-8.54,-857.15,14,9784.3815,9775.8415
2023-10-05,-8.54,-865.69,14,9775.8415,9767.3015
2023-10-06,-8.54,-874.23,14,9767.3015,9758.7615
2023-10-07,-8.54,-882.77,14,9758.7615,9750.2215
2023-10-08,-8.54,-891.31,14,9750.2215,9741.6815
2023-10-09,-8.54,-899.85,14,9741.6815,9733.1415
2023-10-10,-8.54,-908.39,14,9733.1415,9724.6015
2023-10-11,-8.54,-916.93,14,9724.6015,9716.0615
2023-10-12,-8.54,-925.47,14,9716.0615,9707.5215
2023-10-13,-8.54,-934.01,14,9707.5215,9698.9815
2023-10-14,-8.54,-942.55,14,9698.9815,9690.4415
2023-10-15,-8.54,-951.09,14,9690.4415,9681.9015
2023-10-16,-8.54,-959.63,14,9681.9015,9673.3615
2023-10-17,-8.54,-968.17,14,9673.3615,9664.8215
2023-10-18,-8.54,-976.71,14,9664.8215,9656.2815
2023-10-19,-8.54,-985.25,14,9656.2815,9647.7415
2023-10-20,-8.54,-993.79,14,9647.7415,9639.2015
2023-10-21,-8.54,-1002.33,14,9639.2015,9630.6615
2023-10-22,-8.54,-1010.87,14,9630.6615,9622.1215
2023-10-23,-8.54,-1019.41,14,9622.1215,9613.5815
2023-10-24,-8.54,-1027.95,14,9613.5815,9605.0415
2023-10-25,-8.54,-1036.49,14,9605.0415,9596.5015
2023-10-26,-8.54,-1045.03,14,9596.5015,9587.9615
2023-10-27,-8.54,-1053.57,14,9587.9615,9579.4215
2023-10-28,-8.54,-1062.11,14,9579.4215,9570.8815
2023-10-29,-8.54,-1070.65,14,9570.8815,9562.3415
2023-10-30,-8.54,-1079.19,14,9562.3415,9553.8015
2023-10-31,-8.54,-1087.73,14,9553.8015,9545.2615
2023-11-01,-7.65,-1095.38,11,9579.4687,9571.8187
2023-11-02,-8.04,-1103.42,12,9571.0015,9562.9615
2023-11-03,-7.68,-1111.1,11,9595.3458,9587.6658
2023-11-04,-3.9,-1115.0,8,9759.5458,9755.6458
2023-11-05,-3.9,-1118.9,8,9755.6458,9751.7458
2023-11-06,-3.9,-1122.8,8,9751.7458,9747.8458
2023-11-07,-4.91,-1127.71,9,9745.6639,9740.7539
2023-11-08,-3.9,-1131.61,8,9782.3758,9778.4758
2023-11-09,-3.48,-1135.09,7,9841.5682,9838.0882
2023-11-10,-4.53,-1139.62,8,9882.8482,9878.3182
2023-11-11,-4.95,-1144.57,9,9877.4268,9872.4768
2023-11-12,-4.95,-1149.52,9,9872.4768,9867.5268
2023-11-13,-4.95,-1154.47,9,9867.5268,9862.5768
2023-11-14,-4.53,-1159.0,8,9880.5768,9876.0468
2023-11-15,-4.53,-1163.53,8,9887.1553,9882.6253
2023-11-16,-5.58,-1169.11,9,9909.1053,9903.5253
2023-11-17,-5.58,-1174.69,9,9903.5253,9897.9453
2023-11-18,-5.58,-1180.27,9,9897.9453,9892.3653
2023-11-19,-5.58,-1185.85,9,9892.3653,9886.7853
2023-11-20,-5.58,-1191.43,9,9886.7853,9881.2053
2023-11-21,-4.52,-1195.95,7,9916.2153,9911.6953
2023-11-22,-5.15,-1201.1,7,9915.0868,9909.9368
2023-11-23,-5.04,-1206.14,7,9960.5703,9955.5303
2023-11-24,-5.57,-1211.71,8,9973.286,9967.716
2023-11-25,-3.57,-1215.28,4,10019.916,10016.346
2023-11-26,-3.57,-1218.85,4,10016.346,10012.776
2023-11-27,-3.57,-1222.42,4,10012.776,10009.206
2023-11-28,-4.1,-1226.52,5,10021.131,10017.031
2023-11-29,-4.63,-1231.15,6,10015.981,10011.351
2023-11-30,-5.58,-1236.73,8,10021.0303,10015.4503
2023-12-01,-5.58,-1242.31,8,10015.4503,10009.8703
2023-12-02,-6.0,-1248.31,9,10033.2518,10027.2518
2023-12-03,-6.0,-1254.31,9,10027.2518,10021.2518
2023-12-04,-6.0,-1260.31,9,10021.2518,10015.2518
2023-12-05,-6.0,-1266.31,9,10028.4468,10022.4468
2023-12-06,-2.85,-1269.16,6,10152.4325,10149.5825
2023-12-07,-3.27,-1272.43,7,10148.6739,10145.4039
2023-12-08,-2.21,-1274.64,5,10248.6178,10246.4078
2023-12-09,-1.68,-1276.32,4,10351.9731,10350.2931
2023-12-10,-1.68,-1278.0,4,10350.2931,10348.6131
2023-12-11,-1.68,-1279.68,4,10348.6131,10346.9331
2023-12-12,-2.77,-1282.45,6,10386.4176,10383.6476
2023-12-13,-2.24,-1284.69,5,10439.7769,10437.5369
2023-12-14,-2.77,-1287.46,6,10436.2056,10433.4356
2023-12-15,-1.58,-1289.04,3,10517.7744,10516.1944
2023-12-16,-1.58,-1290.62,3,10584.3886,10582.8086
2023-12-17,-1.58,-1292.2,3,10582.8086,10581.2286
2023-12-18,-1.58,-1293.78,3,10581.2286,10579.6486
2023-12-19,-2.7,-1296.48,4,10608.7579,10606.0579
2023-12-20,-2.14,-1298.62,4,10663.7372,10661.5972
2023-12-21,-3.26,-1301.88,5,10737.5018,10734.2418
2023-12-22,-2.14,-1304.02,4,10792.9111,10790.7711
2023-12-23,-2.14,-1306.16,4,10790.7711,10788.6311
2023-12-24,-2.14,-1308.3,4,10788.6311,10786.4911
2023-12-25,-2.14,-1310.44,4,10786.4911,10784.3511
2023-12-26,-2.14,-1312.58,4,10784.3511,10782.2111
2023-12-27,-2.14,-1314.72,4,10782.2111,10780.0711
2023-12-28,-2.67,-1317.39,5,10778.7399,10776.0699
2023-12-29,-2.6,-1319.99,5,10844.5833,10841.9833
2023-12-30,-2.67,-1322.66,5,10873.8761,10871.2061
2023-12-31,-2.67,-1325.33,5,10871.2061,10868.5361
2024-01-01,-2.67,-1328.0,5,10868.5361,10865.8661
2024-01-02,-2.67,-1330.67,5,10865.8661,10863.1961
2024-01-03,-2.67,-1333.34,5,10882.1761,10879.5061
2024-01-04,-3.2,-1336.54,6,10890.9149,10887.7149
2024-01-05,-2.14,-1338.68,4,10961.9724,10959.8324
2024-01-06,-2.6,-1341.28,5,11080.8845,11078.2845
2024-01-07,-2.6,-1343.88,5,11078.2845,11075.6845
2024-01-08,-2.6,-1346.48,5,11075.6845,11073.0845
2024-01-09,-2.6,-1349.08,5,11073.0845,11070.4845
2024-01-10,-2.6,-1351.68,5,11128.422,11125.822
2024-01-11,-2.6,-1354.28,5,11184.222,11181.622
2024-01-12,-3.79,-1358.07,6,11194.4203,11190.6303
2024-01-13,-4.35,-1362.42,7,11189.1903,11184.8403
2024-01-14,-4.35,-1366.77,7,11184.8403,11180.4903
2024-01-15,-4.35,-1371.12,7,11180.4903,11176.1403
2024-01-16,-4.35,-1375.47,7,11176.1403,11171.7903
2024-01-17,-3.16,-1378.63,6,11221.2086,11218.0486
2024-01-18,-3.72,-1382.35,7,11216.6286,11212.9086
2024-01-19,-3.72,-1386.07,7,11325.9659,11322.2459
2024-01-20,-2.64,-1388.71,5,11345.6479,11343.0079
2024-01-21,-2.64,-1391.35,5,11343.0079,11340.3679
2024-01-22,-2.64,-1393.99,5,11340.3679,11337.7279
2024-01-23,-3.2,-1397.19,5,11409.7323,11406.5323
2024-01-24,-1.41,-1398.6,3,11531.0814,11529.6714
2024-01-25,-2.61,-1401.21,5,11587.0849,11584.4749
2024-01-26,-2.04,-1403.25,4,11676.5418,11674.5018
2024-01-27,-2.04,-1405.29,4,11772.4757,11770.4357
2024-01-28,-2.04,-1407.33,4,11770.4357,11768.3957
2024-01-29,-2.04,-1409.37,4,11768.3957,11766.3557
2024-01-30,-1.41,-1410.78,3,11855.1421,11853.7321
2024-01-31,-2.01,-1412.79,4,11942.7393,11940.7293
2024-02-01,-3.9,-1416.69,6,12060.2008,12056.3008
2024-02-02,-2.67,-1419.36,5,12203.8036,12201.1336
2024-02-03,-2.04,-1421.4,4,12290.7878,12288.7478
2024-02-04,-2.04,-1423.44,4,12288.7478,12286.7078
2024-02-05,-2.04,-1425.48,4,12286.7078,12284.6678
2024-02-06,-2.04,-1427.52,4,12301.6058,12299.5658
2024-02-07,-2.67,-1430.19,5,12312.3308,12309.6608
2024-02-08,-2.08,-1432.27,4,12409.982,12407.902
2024-02-09,-2.08,-1434.35,4,12498.0417,12495.9617
2024-02-10,-3.41,-1437.76,5,12515.4953,12512.0853
2024-02-11,-3.41,-1441.17,5,12512.0853,12508.6753
2024-02-12,-3.41,-1444.58,5,12508.6753,12505.2653
2024-02-13,-2.71,-1447.29,5,12635.1003,12632.3903
2024-02-14,-3.94,-1451.23,6,12769.0785,12765.1385
2024-02-15,-3.94,-1455.17,6,12798.0085,12794.0685
2024-02-16,-4.61,-1459.78,7,12807.566,12802.956
2024-02-17,-5.24,-1465.02,8,12816.5685,12811.3285
2024-02-18,-5.24,-1470.26,8,12811.3285,12806.0885
2024-02-19,-5.24,-1475.5,8,12806.0885,12800.8485
2024-02-20,-4.61,-1480.11,7,12833.1585,12828.5485
2024-02-21,-4.61,-1484.72,7,12843.5335,12838.9235
2024-02-22,-6.61,-1491.33,9,12834.3776,12827.7676
2024-02-23,-6.61,-1497.94,9,12827.7676,12821.1576
2024-02-24,-6.61,-1504.55,9,12821.1576,12814.5476
2024-02-25,-6.61,-1511.16,9,12814.5476,12807.9376
2024-02-26,-6.61,-1517.77,9,12807.9376,12801.3276
2024-02-27,-6.61,-1524.38,9,12801.3276,12794.7176
2024-02-28,-6.61,-1530.99,9,12794.7176,12788.1076
2024-02-29,-6.61,-1537.6,9,12817.7176,12811.1076
2024-03-01,-4.64,-1542.24,6,12846.9561,12842.3161
2024-03-02,-5.31,-1547.55,7,12864.0941,12858.7841
2024-03-03,-5.31,-1552.86,7,12858.7841,12853.4741
2024-03-04,-5.31,-1558.17,7,12853.4741,12848.1641
2024-03-05,-5.31,-1563.48,7,12864.3331,12859.0231
2024-03-06,-5.31,-1568.79,7,12875.3631,12870.0531
2024-03-07,-5.98,-1574.77,8,12868.7231,12862.7431
2024-03-08,-7.35,-1582.12,9,12859.7791,12852.4291
2024-03-09,-9.39,-1591.51,11,12848.1195,12838.7295
2024-03-10,-9.39,-1600.9,11,12838.7295,12829.3395
2024-03-11,-9.39,-1610.29,11,12829.3395,12819.9495
2024-03-12,-9.39,-1619.68,11,12834.7095,12825.3195
2024-03-13,-9.39,-1629.07,11,12825.3195,12815.9295
2024-03-14,-10.02,-1639.09,12,12814.3095,12804.2895
2024-03-15,-8.05,-1647.14,9,12864.37,12856.32
2024-03-16,-8.05,-1655.19,9,12872.508,12864.458
2024-03-17,-8.05,-1663.24,9,12864.458,12856.408
2024-03-18,-8.05,-1671.29,9,12856.408,12848.358
2024-03-19,-8.05,-1679.34,9,12881.57,12873.52
2024-03-20,-8.68,-1688.02,10,12880.1875,12871.5075
2024-03-21,-8.68,-1696.7,10,12939.885,12931.205
2024-03-22,-8.78,-1705.48,10,13058.55,13049.77
2024-03-23,-1.96,-1707.44,3,13349.9335,13347.9735
2024-03-24,-1.96,-1709.4,3,13347.9735,13346.0135
2024-03-25,-1.96,-1711.36,3,13346.0135,13344.0535
2024-03-26,-1.96,-1713.32,3,13430.657,13428.697
2024-03-27,-4.73,-1718.05,6,13438.5639,13433.8339
2024-03-28,-3.33,-1721.38,5,13545.6031,13542.2731
2024-03-29,-4.1,-1725.48,5,13556.4872,13552.3872
2024-03-30,-4.1,-1729.58,5,13552.3872,13548.2872
2024-03-31,-4.1,-1733.68,5,13548.2872,13544.1872
2024-04-01,-4.1,-1737.78,5,13544.1872,13540.0872
2024-04-02,-4.1,-1741.88,5,13556.3085,13552.2085
2024-04-03,-5.54,-1747.42,6,13564.8003,13559.2603
2024-04-04,-2.7,-1750.12,4,13755.9482,13753.2482
2024-04-05,-4.81,-1754.93,6,13756.8488,13752.0388
2024-04-06,-2.7,-1757.63,4,13833.273,13830.573
2024-04-07,-2.7,-1760.33,4,13830.573,13827.873
2024-04-08,-2.7,-1763.03,4,13827.873,13825.173
2024-04-09,-4.17,-1767.2,5,13837.602,13833.432
2024-04-10,-4.17,-1771.37,5,13898.8984,13894.7284
2024-04-11,-2.7,-1774.07,4,14048.7538,14046.0538
2024-04-12,-3.4,-1777.47,5,14068.8723,14065.4723
2024-04-13,-2.7,-1780.17,4,14083.9223,14081.2223
2024-04-14,-2.7,-1782.87,4,14081.2223,14078.5223
2024-04-15,-2.7,-1785.57,4,14078.5223,14075.8223
2024-04-16,-2.7,-1788.27,4,14108.8446,14106.1446
2024-04-17,-2.7,-1790.97,4,14179.8241,14177.1241
2024-04-18,-2.1,-1793.07,3,14186.4256,14184.3256
2024-04-19,-2.7,-1795.77,4,14258.7391,14256.0391
2024-04-20,-2.7,-1798.47,4,14356.476,14353.776
2024-04-21,-2.7,-1801.17,4,14353.776,14351.076
2024-04-22,-2.7,-1803.87,4,14351.076,14348.376
2024-04-23,-5.51,-1809.38,7,14342.1714,14336.6614
2024-04-24,-4.21,-1813.59,5,14374.2695,14370.0595
2024-04-25,-6.42,-1820.01,7,14365.1011,14358.6811
2024-04-26,-7.12,-1827.13,8,14356.9256,14349.8056
2024-04-27,-7.12,-1834.25,8,14349.8056,14342.6856
2024-04-28,-7.12,-1841.37,8,14342.6856,14335.5656
2024-04-29,-7.12,-1848.49,8,14335.5656,14328.4456
2024-04-30,-7.72,-1856.21,9,14327.1827,14319.4627
2024-05-01,-8.42,-1864.63,10,14317.7072,14309.2872
2024-05-02,-3.3,-1867.93,5,14566.2355,14562.9355
2024-05-03,-4.84,-1872.77,6,14576.1326,14571.2926
2024-05-04,-4.97,-1877.74,6,14603.6116,14598.6416
2024-05-05,-4.97,-1882.71,6,14598.6416,14593.6716
2024-05-06,-4.97,-1887.68,6,14593.6716,14588.7016
2024-05-07,-4.97,-1892.65,6,14588.7016,14583.7316
2024-05-08,-5.81,-1898.46,6,14635.0565,14629.2465
2024-05-09,-6.51,-1904.97,7,14627.4909,14620.9809
2024-05-10,-5.81,-1910.78,6,14656.7143,14650.9043
2024-05-11,-6.55,-1917.33,7,14649.0609,14642.5109
2024-05-12,-6.55,-1923.88,7,14642.5109,14635.9609
2024-05-13,-6.55,-1930.43,7,14635.9609,14629.4109
2024-05-14,-6.55,-1936.98,7,14629.4109,14622.8609
2024-05-15,-6.55,-1943.53,7,14622.8609,14616.3109
2024-05-16,-6.55,-1950.08,7,14661.5938,14655.0438
2024-05-17,-8.83,-1958.91,9,14658.7078,14649.8778
2024-05-18,-8.83,-1967.74,9,14649.8778,14641.0478
2024-05-19,-8.83,-1976.57,9,14641.0478,14632.2178
2024-05-20,-8.83,-1985.4,9,14632.2178,14623.3878
2024-05-21,-8.83,-1994.23,9,14623.3878,14614.5578
2024-05-22,-8.83,-2003.06,9,14614.5578,14605.7278
2024-05-23,-10.16,-2013.22,11,14602.5872,14592.4272
2024-05-24,-10.16,-2023.38,11,14592.4272,14582.2672
2024-05-25,-10.16,-2033.54,11,14582.2672,14572.1072
2024-05-26,-10.16,-2043.7,11,14572.1072,14561.9472
2024-05-27,-10.16,-2053.86,11,14561.9472,14551.7872
2024-05-28,-10.16,-2064.02,11,14551.7872,14541.6272
2024-05-29,-10.16,-2074.18,11,14541.6272,14531.4672
2024-05-30,-10.16,-2084.34,11,14531.4672,14521.3072
2024-05-31,-10.16,-2094.5,11,14521.3072,14511.1472
2024-06-01,-10.16,-2104.66,11,14511.1472,14500.9872
2024-06-02,-10.16,-2114.82,11,14500.9872,14490.8272
2024-06-03,-10.16,-2124.98,11,14490.8272,14480.6672
2024-06-04,-8.06,-2133.04,8,14519.7852,14511.7252
2024-06-05,-9.6,-2142.64,10,14545.7152,14536.1152
2024-06-06,-9.6,-2152.24,10,14536.1152,14526.5152
2024-06-07,-9.6,-2161.84,10,14526.5152,14516.9152
2024-06-08,-8.83,-2170.67,9,14538.3552,14529.5252
2024-06-09,-8.83,-2179.5,9,14529.5252,14520.6952
2024-06-10,-8.83,-2188.33,9,14520.6952,14511.8652
2024-06-11,-4.81,-2193.14,7,14699.0936,14694.2836
2024-06-12,-5.44,-2198.58,8,14692.9207,14687.4807
2024-06-13,-4.67,-2203.25,7,14771.2081,14766.5381
2024-06-14,-5.44,-2208.69,8,14869.4892,14864.0492
2024-06-15,-5.44,-2214.13,8,14864.0492,14858.6092
2024-06-16,-5.44,-2219.57,8,14858.6092,14853.1692
2024-06-17,-5.44,-2225.01,8,14853.1692,14847.7292
2024-06-18,-5.44,-2230.45,8,14908.4792,14903.0392
2024-06-19,-8.56,-2239.01,11,14896.5759,14888.0159
2024-06-20,-8.56,-2247.57,11,14888.0159,14879.4559
2024-06-21,-5.44,-2253.01,8,14984.2492,14978.8092
2024-06-22,-4.67,-2257.68,7,15008.3492,15003.6792
2024-06-23,-4.67,-2262.35,7,15003.6792,14999.0092
2024-06-24,-4.67,-2267.02,7,14999.0092,14994.3392
2024-06-25,-5.44,-2272.46,8,15053.9992,15048.5592
2024-06-26,-5.48,-2277.94,8,15118.8926,15113.4126
2024-06-27,-5.48,-2283.42,8,15113.4126,15107.9326
2024-06-28,-3.3,-2286.72,5,15236.567,15233.267
2024-06-29,-6.46,-2293.18,8,15226.3404,15219.8804
2024-06-30,-6.46,-2299.64,8,15219.8804,15213.4204
2024-07-01,-6.46,-2306.1,8,15213.4204,15206.9604
2024-07-02,-7.27,-2313.37,9,15205.3504,15198.0804
2024-07-03,-7.27,-2320.64,9,15198.0804,15190.8104
2024-07-04,-7.27,-2327.91,9,15190.8104,15183.5404
2024-07-05,-7.27,-2335.18,9,15183.5404,15176.2704
2024-07-06,-5.65,-2340.83,7,15229.1704,15223.5204
2024-07-07,-5.65,-2346.48,7,15223.5204,15217.8704
2024-07-08,-5.65,-2352.13,7,15217.8704,15212.2204
2024-07-09,-7.2,-2359.33,9,15208.7204,15201.5204
2024-07-10,-8.0,-2367.33,9,15228.6484,15220.6484
2024-07-11,-8.0,-2375.33,9,15230.4757,15222.4757
2024-07-12,-8.81,-2384.14,10,15230.9439,15222.1339
2024-07-13,-8.81,-2392.95,10,15222.1339,15213.3239
2024-07-14,-8.81,-2401.76,10,15213.3239,15204.5139
2024-07-15,-8.81,-2410.57,10,15204.5139,15195.7039
2024-07-16,-8.81,-2419.38,10,15195.7039,15186.8939
2024-07-17,-9.54,-2428.92,10,15214.0158,15204.4758
2024-07-18,-11.16,-2440.08,12,15201.2558,15190.0958
2024-07-19,-11.97,-2452.05,13,15188.4858,15176.5158
2024-07-20,-10.35,-2462.4,11,15249.5721,15239.2221
2024-07-21,-10.35,-2472.75,11,15239.2221,15228.8721
2024-07-22,-10.35,-2483.1,11,15228.8721,15218.5221
2024-07-23,-10.35,-2493.45,11,15228.2449,15217.8949
2024-07-24,-10.35,-2503.8,11,15217.8949,15207.5449
2024-07-25,-10.35,-2514.15,11,15227.5758,15217.2258
2024-07-26,-9.54,-2523.69,10,15268.9758,15259.4358
2024-07-27,-10.35,-2534.04,11,15287.5167,15277.1667
2024-07-28,-10.35,-2544.39,11,15277.1667,15266.8167
2024-07-29,-10.35,-2554.74,11,15266.8167,15256.4667
2024-07-30,-10.35,-2565.09,11,15277.3549,15267.0049
2024-07-31,-10.35,-2575.44,11,15267.0049,15256.6549
2024-08-01,-9.54,-2584.98,10,15306.4603,15296.9203
2024-08-02,-4.88,-2589.86,7,15546.741,15541.861
2024-08-03,-3.87,-2593.73,5,15647.801,15643.931
2024-08-04,-3.87,-2597.6,5,15643.931,15640.061
2024-08-05,-3.87,-2601.47,5,15640.061,15636.191
2024-08-06,-5.21,-2606.68,7,15633.2596,15628.0496
2024-08-07,-6.86,-2613.54,8,15624.4575,15617.5975
2024-08-08,-6.86,-2620.4,8,15617.5975,15610.7375
2024-08-09,-4.64,-2625.04,6,15770.9766,15766.3366
2024-08-10,-4.64,-2629.68,6,15793.968,15789.328
2024-08-11,-4.64,-2634.32,6,15789.328,15784.688
2024-08-12,-4.64,-2638.96,6,15784.688,15780.048
2024-08-13,-6.29,-2645.25,7,15794.8587,15788.5687
2024-08-14,-3.1,-2648.35,4,15987.5255,15984.4255
2024-08-15,-3.77,-2652.12,5,16001.6598,15997.8898
2024-08-16,-3.19,-2655.31,3,16095.985,16092.795
2024-08-17,-3.19,-2658.5,3,16112.345,16109.155
2024-08-18,-3.19,-2661.69,3,16109.155,16105.965
2024-08-19,-3.19,-2664.88,3,16105.965,16102.775
2024-08-20,-4.03,-2668.91,4,16101.095,16097.065
2024-08-21,-4.87,-2673.78,5,16095.385,16090.515
2024-08-22,-4.87,-2678.65,5,16090.515,16085.645
2024-08-23,-8.03,-2686.68,8,16078.3159,16070.2859
2024-08-24,-8.03,-2694.71,8,16070.2859,16062.2559
2024-08-25,-8.03,-2702.74,8,16062.2559,16054.2259
2024-08-26,-8.03,-2710.77,8,16054.2259,16046.1959
2024-08-27,-8.7,-2719.47,9,16044.7031,16036.0031
2024-08-28,-8.7,-2728.17,9,16036.0031,16027.3031
2024-08-29,-9.47,-2737.64,10,16025.2742,16015.8042
2024-08-30,-10.14,-2747.78,11,16014.3385,16004.1985
2024-08-31,-8.56,-2756.34,9,16038.0385,16029.4785
2024-09-01,-8.56,-2764.9,9,16029.4785,16020.9185
2024-09-02,-8.56,-2773.46,9,16020.9185,16012.3585
2024-09-03,-9.33,-2782.79,10,16010.3296,16000.9996
2024-09-04,-9.33,-2792.12,10,16000.9996,15991.6696
2024-09-05,-9.33,-2801.45,10,16010.2718,16000.9418
2024-09-06,-8.56,-2810.01,9,16021.1329,16012.5729
2024-09-07,-8.56,-2818.57,9,16033.5951,16025.0351
2024-09-08,-8.56,-2827.13,9,16025.0351,16016.4751
2024-09-09,-8.56,-2835.69,9,16016.4751,16007.9151
2024-09-10,-8.56,-2844.25,9,16007.9151,15999.3551
2024-09-11,-7.65,-2851.9,9,16129.2435,16121.5935
2024-09-12,-7.69,-2859.59,9,16186.5976,16178.9076
2024-09-13,-6.92,-2866.51,8,16200.1987,16193.2787
2024-09-14,-7.73,-2874.24,9,16191.1576,16183.4276
2024-09-15,-7.73,-2881.97,9,16183.4276,16175.6976
2024-09-16,-7.73,-2889.7,9,16175.6976,16167.9676
2024-09-17,-7.73,-2897.43,9,16167.9676,16160.2376
2024-09-18,-10.22,-2907.65,11,16154.3758,16144.1558
2024-09-19,-10.22,-2917.87,11,16144.1558,16133.9358
2024-09-20,-10.22,-2928.09,11,16133.9358,16123.7158
2024-09-21,-11.03,-2939.12,12,16121.5692,16110.5392
2024-09-22,-11.03,-2950.15,12,16110.5392,16099.5092
2024-09-23,-11.03,-2961.18,12,16099.5092,16088.4792
2024-09-24,-11.03,-2972.21,12,16088.4792,16077.4492
2024-09-25,-11.03,-2983.24,12,16077.4492,16066.4192
2024-09-26,-12.71,-2995.95,13,16062.6619,16049.9519
2024-09-27,-12.71,-3008.66,13,16049.9519,16037.2419
2024-09-28,-12.71,-3021.37,13,16037.2419,16024.5319
2024-09-29,-12.71,-3034.08,13,16024.5319,16011.8219
2024-09-30,-12.71,-3046.79,13,16011.8219,15999.1119
2024-10-01,-12.71,-3059.5,13,15999.1119,15986.4019
2024-10-02,-7.63,-3067.13,10,16185.1819,16177.5519
2024-10-03,-7.63,-3074.76,10,16177.5519,16169.9219
2024-10-04,-5.2,-3079.96,7,16229.5686,16224.3686
2024-10-05,-6.01,-3085.97,8,16240.5708,16234.5608
2024-10-06,-6.01,-3091.98,8,16234.5608,16228.5508
2024-10-07,-6.01,-3097.99,8,16228.5508,16222.5408
2024-10-08,-5.2,-3103.19,7,16243.2153,16238.0153
2024-10-09,-6.92,-3110.11,8,16234.2473,16227.3273
2024-10-10,-6.92,-3117.03,8,16227.3273,16220.4073
2024-10-11,-6.92,-3123.95,8,16220.4073,16213.4873
2024-10-12,-7.73,-3131.68,9,16211.3918,16203.6618
2024-10-13,-7.73,-3139.41,9,16203.6618,16195.9318
2024-10-14,-7.73,-3147.14,9,16195.9318,16188.2018
2024-10-15,-7.73,-3154.87,9,16188.2018,16180.4718
2024-10-16,-8.64,-3163.51,9,16198.3321,16189.6921
2024-10-17,-8.64,-3172.15,9,16208.731,16200.091
2024-10-18,-9.45,-3181.6,10,16197.9954,16188.5454
2024-10-19,-11.17,-3192.77,11,16203.6371,16192.4671
2024-10-20,-11.17,-3203.94,11,16192.4671,16181.2971
2024-10-21,-11.17,-3215.11,11,16181.2971,16170.1271
2024-10-22,-10.36,-3225.47,10,16191.4915,16181.1315
2024-10-23,-11.17,-3236.64,11,16179.0359,16167.8659
2024-10-24,-9.49,-3246.13,9,16248.135,16238.645
2024-10-25,-12.02,-3258.15,11,16232.8491,16220.8291
2024-10-26,-11.21,-3269.36,10,16260.5425,16249.3325
2024-10-27,-11.21,-3280.57,10,16249.3325,16238.1225
2024-10-28,-11.21,-3291.78,10,16238.1225,16226.9125
2024-10-29,-10.4,-3302.18,9,16299.7022,16289.3022
2024-10-30,-10.4,-3312.58,9,16310.6185,16300.2185
2024-10-31,-11.21,-3323.79,10,16316.4719,16305.2619
2024-11-01,-11.25,-3335.04,10,16338.3991,16327.1491
2024-11-02,-5.31,-3340.35,6,16693.0121,16687.7021
2024-11-03,-5.31,-3345.66,6,16687.7021,16682.3921
2024-11-04,-5.31,-3350.97,6,16682.3921,16677.0821
2024-11-05,-5.31,-3356.28,6,16865.6346,16860.3246
2024-11-06,-5.31,-3361.59,6,16905.12,16899.81
2024-11-07,-3.59,-3365.18,5,17134.6899,17131.0999
2024-11-08,-2.68,-3367.86,4,17298.3513,17295.6713
2024-11-09,-3.59,-3371.45,5,17418.0073,17414.4173
2024-11-10,-3.59,-3375.04,5,17414.4173,17410.8273
2024-11-11,-3.59,-3378.63,5,17410.8273,17407.2373
2024-11-12,-4.5,-3383.13,6,17405.4173,17400.9173
2024-11-13,-5.41,-3388.54,7,17399.0973,17393.6873
2024-11-14,-5.41,-3393.95,7,17533.7233,17528.3133
2024-11-15,-5.41,-3399.36,7,17621.8486,17616.4386
2024-11-16,-7.27,-3406.63,8,17633.0789,17625.8089
2024-11-17,-7.27,-3413.9,8,17625.8089,17618.5389
2024-11-18,-7.27,-3421.17,8,17618.5389,17611.2689
2024-11-19,-7.27,-3428.44,8,17631.8245,17624.5545
2024-11-20,-8.15,-3436.59,9,17622.3323,17614.1823
2024-11-21,-6.29,-3442.88,8,17690.8442,17684.5542
2024-11-22,-5.41,-3448.29,7,17708.1098,17702.6998
2024-11-23,-5.41,-3453.7,7,17702.6998,17697.2898
2024-11-24,-5.41,-3459.11,7,17697.2898,17691.8798
2024-11-25,-5.41,-3464.52,7,17691.8798,17686.4698
2024-11-26,-6.29,-3470.81,8,17777.9474,17771.6574
2024-11-27,-7.3,-3478.11,8,17993.2329,17985.9329
2024-11-28,-7.3,-3485.41,8,18006.794,17999.494
2024-11-29,-7.3,-3492.71,8,17999.494,17992.194
2024-11-30,-10.07,-3502.78,10,18007.0383,17996.9683
2024-12-01,-10.07,-3512.85,10,17996.9683,17986.8983
2024-12-02,-10.07,-3522.92,10,17986.8983,17976.8283
2024-12-03,-6.29,-3529.21,8,18131.9651,18125.6751
2024-12-04,-9.06,-3538.27,10,18119.4704,18110.4104
2024-12-05,-9.1,-3547.37,10,18188.2316,18179.1316
2024-12-06,-5.41,-3552.78,7,18304.7309,18299.3209
2024-12-07,-5.62,-3558.4,6,18540.936,18535.316
2024-12-08,-5.62,-3564.02,6,18535.316,18529.696
2024-12-09,-5.62,-3569.64,6,18529.696,18524.076
2024-12-10,-3.66,-3573.3,5,18754.387,18750.727
2024-12-11,-3.66,-3576.96,5,18851.6924,18848.0324
2024-12-12,-4.57,-3581.53,6,18903.2445,18898.6745
2024-12-13,-3.69,-3585.22,5,19053.97,19050.28
2024-12-14,-4.7,-3589.92,6,19130.5081,19125.8081
2024-12-15,-4.7,-3594.62,6,19125.8081,19121.1081
2024-12-16,-4.7,-3599.32,6,19121.1081,19116.4081
2024-12-17,-6.69,-3606.01,7,19134.6922,19128.0022
2024-12-18,-7.7,-3613.71,8,19125.9722,19118.2722
2024-12-19,-5.71,-3619.42,7,19303.1156,19297.4056
2024-12-20,-5.71,-3625.13,7,19343.2156,19337.5056
2024-12-21,-5.71,-3630.84,7,19439.1792,19433.4692
2024-12-22,-5.71,-3636.55,7,19433.4692,19427.7592
2024-12-23,-5.71,-3642.26,7,19427.7592,19422.0492
2024-12-24,-5.71,-3647.97,7,19524.5953,19518.8853
2024-12-25,-6.66,-3654.63,8,19516.5153,19509.8553
2024-12-26,-6.66,-3661.29,8,19509.8553,19503.1953
2024-12-27,-8.72,-3670.01,9,19498.8865,19490.1665
2024-12-28,-5.71,-3675.72,7,19599.2577,19593.5477
2024-12-29,-5.71,-3681.43,7,19593.5477,19587.8377
2024-12-30,-5.71,-3687.14,7,19587.8377,19582.1277
2024-12-31,-5.71,-3692.85,7,19768.8207,19763.1107
2025-01-01,-5.71,-3698.56,7,19763.1107,19757.4007
2025-01-02,-5.71,-3704.27,7,19757.4007,19751.6907
2025-01-03,-5.71,-3709.98,7,19751.6907,19745.9807
2025-01-04,-5.71,-3715.69,7,19850.267,19844.557
2025-01-05,-5.71,-3721.4,7,19844.557,19838.847
2025-01-06,-5.71,-3727.11,7,19838.847,19833.137
2025-01-07,-5.71,-3732.82,7,19833.137,19827.427
2025-01-08,-5.71,-3738.53,7,19931.8896,19926.1796
2025-01-09,-5.71,-3744.24,7,19926.1796,19920.4696
2025-01-10,-5.71,-3749.95,7,19920.4696,19914.7596
2025-01-11,-8.79,-3758.74,9,19908.0095,19899.2195
2025-01-12,-8.79,-3767.53,9,19899.2195,19890.4295
2025-01-13,-8.79,-3776.32,9,19890.4295,19881.6395
2025-01-14,-8.79,-3785.11,9,19881.6395,19872.8495
2025-01-15,-7.67,-3792.78,9,20039.901,20032.231
2025-01-16,-7.81,-3800.59,8,20094.7963,20086.9863
2025-01-17,-5.71,-3806.3,7,20222.1782,20216.4682
2025-01-18,-5.71,-3812.01,7,20240.7971,20235.0871
2025-01-19,-5.71,-3817.72,7,20235.0871,20229.3771
2025-01-20,-5.71,-3823.43,7,20229.3771,20223.6671
2025-01-21,-5.71,-3829.14,7,20356.7646,20351.0546
2025-01-22,-7.85,-3836.99,8,20395.2333,20387.3833
2025-01-23,-7.85,-3844.84,8,20411.6467,20399.3473
2025-01-24,-9.99,-3854.83,9,20425.0606,20415.0706
2025-01-25,-9.99,-3864.82,9,20415.0706,20405.0806
2025-01-26,-9.99,-3874.81,9,20405.0806,20395.0906
2025-01-27,-9.99,-3884.8,9,20395.0906,20385.1006
2025-01-28,-12.13,-3896.93,10,20380.6332,20368.5032
2025-01-29,-12.13,-3909.06,10,20393.6366,20381.5066
2025-01-30,-5.71,-3914.77,7,20643.3222,20637.6122
2025-01-31,-7.88,-3922.65,8,20659.6284,20651.7484
2025-02-01,-8.89,-3931.54,9,20674.3394,20665.4494
2025-02-02,-8.89,-3940.43,9,20665.4494,20656.5594
2025-02-03,-8.89,-3949.32,9,20656.5594,20647.6694
2025-02-04,-10.05,-3959.37,9,20702.0245,20691.9745
2025-02-05,-10.05,-3969.42,9,20691.9745,20681.9245
2025-02-06,-5.71,-3975.13,7,20873.765,20868.055
2025-02-07,-7.92,-3983.05,8,20891.787,20883.867
2025-02-08,-5.71,-3988.76,7,21118.285,21112.575
2025-02-09,-5.71,-3994.47,7,21112.575,21106.865
2025-02-10,-5.71,-4000.18,7,21106.865,21101.155
2025-02-11,-5.71,-4005.89,7,21101.155,21095.445
2025-02-12,-5.71,-4011.6,7,21206.247,21200.537
2025-02-13,-9.0,-4020.6,9,21218.3808,21209.3808
2025-02-14,-10.19,-4030.79,9,21233.6079,21223.4179
2025-02-15,-10.19,-4040.98,9,21223.4179,21213.2279
2025-02-16,-10.19,-4051.17,9,21213.2279,21203.0379
2025-02-17,-10.19,-4061.36,9,21203.0379,21192.8479
2025-02-18,-12.43,-4073.79,10,21188.1485,21175.7185
2025-02-19,-12.43,-4086.22,10,21203.1385,21190.7085
2025-02-20,-13.48,-4099.7,11,21188.0685,21174.5885
2025-02-21,-12.43,-4112.13,10,21202.2185,21189.7885
2025-02-22,-12.43,-4124.56,10,21215.1085,21202.6785
2025-02-23,-12.43,-4136.99,10,21202.6785,21190.2485
2025-02-24,-12.43,-4149.42,10,21190.2485,21177.8185
2025-02-25,-12.43,-4161.85,10,21228.3985,21215.9685
2025-02-26,-12.43,-4174.28,10,21240.6285,21228.1985
2025-02-27,-13.48,-4187.76,11,21225.5585,21212.0785
2025-02-28,-12.43,-4200.19,10,21263.8585,21251.4285
2025-03-01,-5.71,-4205.9,7,21527.4148,21521.7048
2025-03-02,-5.71,-4211.61,7,21521.7048,21515.9948
2025-03-03,-5.71,-4217.32,7,21515.9948,21510.2848
2025-03-04,-5.71,-4223.03,7,21625.8756,21620.1656
2025-03-05,-3.8,-4226.83,5,21660.9664,21657.1664
2025-03-06,-3.84,-4230.67,5,21714.5348,21710.6948
2025-03-07,-5.0,-4235.67,6,21737.0123,21732.0123
2025-03-08,-6.16,-4241.83,7,21729.7023,21723.5423
2025-03-09,-6.16,-4247.99,7,21723.5423,21717.3823
2025-03-10,-6.16,-4254.15,7,21717.3823,21711.2223
2025-03-11,-9.49,-4263.64,9,21728.8111,21719.3211
2025-03-12,-9.49,-4273.13,9,21719.3211,21709.8311
2025-03-13,-8.29,-4281.42,7,21769.0689,21760.7789
2025-03-14,-5.98,-4287.4,7,21970.8996,21964.9196
2025-03-15,-5.98,-4293.38,7,22053.8363,22047.8563
2025-03-16,-5.98,-4299.36,7,22047.8563,22041.8763
2025-03-17,-5.98,-4305.34,7,22041.8763,22035.8963
2025-03-18,-5.98,-4311.32,7,22050.7738,22044.7938
2025-03-19,-7.13,-4318.45,7,22101.1596,22094.0296
2025-03-20,-5.91,-4324.36,7,22215.3069,22209.3969
2025-03-21,-8.23,-4332.59,9,22219.3519,22211.1219
2025-03-22,-7.35,-4339.94,7,22299.3811,22292.0311
2025-03-23,-7.35,-4347.29,7,22292.0311,22284.6811
2025-03-24,-7.35,-4354.64,7,22284.6811,22277.3311
2025-03-25,-7.35,-4361.99,7,22329.3491,22321.9991
2025-03-26,-7.35,-4369.34,7,22347.3571,22340.0071
2025-03-27,-7.35,-4376.69,7,22366.0471,22358.6971
2025-03-28,-9.7,-4386.39,8,22378.4039,22368.7039
2025-03-29,-5.0,-4391.39,6,22578.3022,22573.3022
2025-03-30,-5.0,-4396.39,6,22573.3022,22568.3022
2025-03-31,-5.0,-4401.39,6,22568.3022,22563.3022
2025-04-01,-6.25,-4407.64,6,22662.6696,22656.4196
2025-04-02,-3.87,-4411.51,5,22758.052,22754.182
2025-04-03,-3.87,-4415.38,5,22875.0877,22871.2177
2025-04-04,-7.37,-4422.75,8,22892.6687,22885.2987
2025-04-05,-4.55,-4427.3,4,23105.1107,23100.5607
2025-04-06,-4.55,-4431.85,4,23100.5607,23096.0107
2025-04-07,-4.55,-4436.4,4,23096.0107,23091.4607
2025-04-08,-1.96,-4438.36,2,23221.1607,23219.2007
2025-04-09,-2.21,-4440.57,2,23571.1258,23568.9158
2025-04-11,-4.54,-4445.11,4,24201.127,24196.587
2025-04-12,-6.81,-4451.92,6,24191.747,24184.937
2025-04-13,-6.81,-4458.73,6,24184.937,24178.127
2025-04-14,-6.81,-4465.54,6,24178.127,24171.317
2025-04-15,-4.79,-4470.33,4,24252.8898,24248.0998
2025-04-16,-5.8,-4476.13,5,24348.8857,24343.0857
2025-04-17,-5.98,-4482.11,5,24470.4091,24464.4291
2025-04-18,-4.79,-4486.9,4,24568.11,24563.32
2025-04-19,-4.79,-4491.69,4,24563.32,24558.53
2025-04-20,-4.79,-4496.48,4,24558.53,24553.74
2025-04-21,-4.79,-4501.27,4,24553.74,24548.95
2025-04-22,-4.83,-4506.1,4,24655.1643,24650.3343
2025-04-23,-4.83,-4510.93,4,24805.0725,24800.2425
2025-04-24,-2.1,-4513.03,2,24854.4825,24852.3825
2025-04-25,-6.03,-4519.06,4,24871.6022,24865.5722
2025-04-26,-7.08,-4526.14,5,24963.3389,24956.2589
2025-04-27,-7.08,-4533.22,5,24956.2589,24949.1789
2025-04-28,-7.08,-4540.3,5,24949.1789,24942.0989
2025-04-29,-7.11,-4547.41,5,25146.0503,25138.9403
2025-04-30,-8.34,-4555.75,6,25208.7686,25200.4286
2025-05-01,-5.78,-4561.53,4,25307.6953,25301.9153
2025-05-02,-11.1,-4572.63,7,25348.6037,25337.5037
2025-05-03,-9.77,-4582.4,6,25393.1104,25383.3404
2025-05-04,-9.77,-4592.17,6,25383.3404,25373.5704
2025-05-05,-9.77,-4601.94,6,25373.5704,25363.8004
2025-05-06,-9.7,-4611.64,6,25507.1764,25497.4764
2025-05-07,-9.53,-4621.17,6,25575.2684,25565.7384
2025-05-08,-9.53,-4630.7,6,25750.9115,25741.3815
2025-05-09,-10.9,-4641.6,7,25795.9815,25785.0815
2025-05-10,-12.23,-4653.83,7,25886.0717,25873.8417
2025-05-11,-12.23,-4666.06,7,25873.8417,25861.6117
2025-05-12,-12.23,-4678.29,7,25861.6117,25849.3817
2025-05-13,-14.97,-4693.26,9,25911.7502,25896.7802
2025-05-14,-17.7,-4710.96,10,25919.9842,25902.2842
2025-05-15,-16.33,-4727.29,9,26012.5782,25996.2482
2025-05-16,-16.33,-4743.62,9,26169.7237,26153.3937
2025-05-17,-16.33,-4759.95,9,26201.0342,26184.7042
2025-05-18,-16.33,-4776.28,9,26184.7042,26168.3742
2025-05-19,-16.33,-4792.61,9,26168.3742,26152.0442
2025-05-20,-16.33,-4808.94,9,26218.4522,26202.1222
2025-05-21,-16.33,-4825.27,9,26202.1222,26185.7922
2025-05-22,-7.01,-4832.28,6,26695.0416,26688.0316
2025-05-23,-4.24,-4836.52,4,26883.0787,26878.8387
2025-05-24,-5.64,-4842.16,5,27015.2294,27009.5894
2025-05-25,-5.64,-4847.8,5,27009.5894,27003.9494
2025-05-26,-5.64,-4853.44,5,27003.9494,26998.3094
2025-05-27,-7.04,-4860.48,6,26995.5094,26988.4694
2025-05-28,-5.68,-4866.16,5,27209.7865,27204.1065
2025-05-29,-5.57,-4871.73,5,27282.5596,27276.9896
2025-05-30,-7.01,-4878.74,6,27434.1647,27427.1547
2025-05-31,-7.01,-4885.75,6,27598.91,27591.9
2025-06-01,-7.01,-4892.76,6,27591.9,27584.89
2025-06-02,-7.01,-4899.77,6,27584.89,27577.88
2025-06-03,-5.71,-4905.48,5,27858.4776,27852.7676
2025-06-04,-7.18,-4912.66,6,27995.6576,27988.4776
2025-06-05,-5.71,-4918.37,5,28197.5548,28191.8448
2025-06-06,-5.75,-4924.12,5,28359.1255,28353.3755
2025-06-07,-5.75,-4929.87,5,28596.8709,28591.1209
2025-06-08,-5.75,-4935.62,5,28591.1209,28585.3709
2025-06-09,-5.75,-4941.37,5,28585.3709,28579.6209
2025-06-10,-5.75,-4947.12,5,28708.127,28702.377
2025-06-11,-7.19,-4954.31,6,28945.2028,28938.0128
2025-06-12,-5.78,-4960.09,5,29075.5747,29069.7947
2025-06-13,-7.29,-4967.38,5,29164.7454,29157.4554
2025-06-14,-5.85,-4973.23,4,29348.3619,29342.5119
2025-06-15,-5.85,-4979.08,4,29342.5119,29336.6619
2025-06-16,-5.85,-4984.93,4,29336.6619,29330.8119
2025-06-17,-5.85,-4990.78,4,29505.9587,29500.1087
2025-06-18,-5.85,-4996.63,4,29661.6185,29655.7685
2025-06-19,-1.23,-4997.86,1,29820.7631,29819.5331
2025-06-20,-4.38,-5002.24,2,29961.5632,29957.1832
2025-06-21,-2.7,-5004.94,2,30150.8105,30148.1105
2025-06-22,-2.7,-5007.64,2,30148.1105,30145.4105
2025-06-23,-2.7,-5010.34,2,30145.4105,30142.7105
2025-06-24,-4.1,-5014.44,3,30655.579,30651.479
2025-06-25,-3.22,-5017.66,2,30863.7256,30860.5056
2025-06-26,-9.29,-5026.95,5,30924.5085,30915.2185
2025-06-27,-10.94,-5037.89,6,31028.6371,31017.6971
2025-06-28,-12.45,-5050.34,7,31054.2691,31041.8191
2025-06-29,-12.45,-5062.79,7,31041.8191,31029.3691
2025-06-30,-12.45,-5075.24,7,31029.3691,31016.9191
2025-07-01,-12.45,-5087.69,7,31016.9191,31004.4691
2025-07-02,-17.01,-5104.7,9,30993.7419,30976.7319
2025-07-03,-15.29,-5119.99,8,31063.9662,31048.6762
2025-07-04,-16.8,-5136.79,9,31044.5482,31027.7482
2025-07-05,-15.29,-5152.08,8,31067.0502,31051.7602
2025-07-06,-15.29,-5167.37,8,31051.7602,31036.4702
2025-07-07,-15.29,-5182.66,8,31036.4702,31021.1802
2025-07-08,-15.29,-5197.95,8,31021.1802,31005.8902
2025-07-09,-16.8,-5214.75,9,31001.8052,30985.0052
2025-07-10,-16.8,-5231.55,9,30985.0052,30968.2052
2025-07-11,-10.28,-5241.83,7,31243.1752,31232.8952
2025-07-12,-10.28,-5252.11,7,31232.8952,31222.6152
2025-07-13,-10.28,-5262.39,7,31222.6152,31212.3352
2025-07-14,-10.28,-5272.67,7,31212.3352,31202.0552
2025-07-15,-10.28,-5282.95,7,31202.0552,31191.7752
2025-07-16,-13.12,-5296.07,9,31184.6263,31171.5063
2025-07-17,-9.9,-5305.97,7,31426.9685,31417.0685
2025-07-18,-9.9,-5315.87,7,31541.8871,31531.9871
2025-07-19,-13.26,-5329.13,8,31701.301,31688.041
2025-07-20,-13.26,-5342.39,8,31688.041,31674.781
2025-07-21,-13.26,-5355.65,8,31674.781,31661.521
2025-07-22,-13.26,-5368.91,8,31785.5087,31772.2487
2025-07-23,-13.26,-5382.17,8,31772.2487,31758.9887
2025-07-24,-11.89,-5394.06,7,31844.0937,31832.2037
2025-07-25,-15.22,-5409.28,8,31861.2827,31846.0627
2025-07-26,-13.54,-5422.82,7,31921.4227,31907.8827
2025-07-27,-13.54,-5436.36,7,31907.8827,31894.3427
2025-07-28,-13.54,-5449.9,7,31894.3427,31880.8027
2025-07-29,-8.56,-5458.46,6,32163.3704,32154.8104
2025-07-30,-10.24,-5468.7,7,32151.4504,32141.2104
2025-07-31,-10.24,-5478.94,7,32217.0804,32206.8404
2025-08-01,-6.41,-5485.35,4,32291.3575,32284.9475
2025-08-02,-7.78,-5493.13,5,32449.677,32441.897
2025-08-03,-7.78,-5500.91,5,32441.897,32434.117
2025-08-04,-7.78,-5508.69,5,32434.117,32426.337
2025-08-05,-7.78,-5516.47,5,32426.337,32418.557
2025-08-06,-11.21,-5527.68,6,32546.2478,32535.0378
2025-08-07,-9.39,-5537.07,6,32671.7684,32662.3784
2025-08-08,-8.02,-5545.09,5,32910.8689,32902.8489
2025-08-09,-8.05,-5553.14,5,32985.8589,32977.8089
2025-08-10,-8.05,-5561.19,5,32977.8089,32969.7589
2025-08-11,-8.05,-5569.24,5,32969.7589,32961.7089
2025-08-12,-9.66,-5578.9,6,32979.9563,32970.2963
2025-08-13,-9.66,-5588.56,6,33171.2741,33161.6141
2025-08-14,-9.66,-5598.22,6,33182.1141,33172.4541
2025-08-15,-11.31,-5609.53,7,33301.6482,33290.3382
2025-08-16,-11.31,-5620.84,7,33424.9746,33413.6646
2025-08-17,-11.31,-5632.15,7,33413.6646,33402.3546
2025-08-18,-11.31,-5643.46,7,33402.3546,33391.0446
2025-08-19,-11.31,-5654.77,7,33525.7037,33514.3937
2025-08-20,-14.85,-5669.62,8,33547.7341,33532.8841
2025-08-21,-14.85,-5684.47,8,33553.3341,33538.4841
2025-08-22,-10.02,-5694.49,5,33856.7869,33846.7669
2025-08-23,-6.48,-5700.97,4,34274.6626,34268.1826
2025-08-24,-6.48,-5707.45,4,34268.1826,34261.7026
2025-08-25,-6.48,-5713.93,4,34261.7026,34255.2226
2025-08-26,-6.48,-5720.41,4,34498.2529,34491.7729
2025-08-27,-6.48,-5726.89,4,34491.7729,34485.2929
2025-08-28,-13.21,-5740.1,7,34469.0233,34455.8133
2025-08-29,-3.29,-5743.39,2,34852.2018,34848.9118
2025-08-30,-3.19,-5746.58,2,35016.1761,35012.9861
2025-08-31,-3.19,-5749.77,2,35012.9861,35009.7961
2025-09-01,-3.19,-5752.96,2,35009.7961,35006.6061
2025-09-02,-3.33,-5756.29,2,35147.7126,35144.3826
2025-09-03,-5.19,-5761.48,3,35346.3013,35341.1113
2025-09-04,-5.23,-5766.71,3,35590.9356,35585.7056
2025-09-05,-8.98,-5775.69,4,35576.9827,35568.0027
2025-09-06,-7.12,-5782.81,3,35650.7235,35643.6035
2025-09-07,-7.12,-5789.93,3,35643.6035,35636.4835
2025-09-08,-7.12,-5797.05,3,35636.4835,35629.3635
2025-09-09,-7.12,-5804.17,3,35655.1704,35648.0504
2025-09-10,-9.01,-5813.18,3,35713.1656,35704.1556
2025-09-11,-12.65,-5825.83,5,35911.4555,35898.8055
2025-09-12,-3.4,-5829.23,2,36312.3917,36308.9917
2025-09-13,-5.23,-5834.46,3,36617.9255,36612.6955
2025-09-14,-5.23,-5839.69,3,36612.6955,36607.4655
2025-09-15,-5.23,-5844.92,3,36607.4655,36602.2355
2025-09-16,-6.77,-5851.69,4,36826.6284,36819.8584
2025-09-17,-9.12,-5860.81,5,36911.9071,36902.7871
2025-09-18,-9.12,-5869.93,5,37053.1197,37039.0361
2025-09-19,-7.42,-5877.35,3,37400.9924,37393.5724
2025-09-20,-5.08,-5882.43,3,37577.9178,37572.8378
2025-09-21,-5.08,-5887.51,3,37572.8378,37567.7578
2025-09-22,-5.08,-5892.59,3,37567.7578,37562.6778
2025-09-23,-5.08,-5897.67,3,37786.177,37781.097
2025-09-24,-5.08,-5902.75,3,37781.097,37776.017
2025-09-25,-3.12,-5905.87,2,38003.3322,38000.2122
2025-09-26,-7.1,-5912.97,4,38020.8136,38013.7136
2025-09-27,-11.09,-5924.06,5,38045.8599,38034.7699
2025-09-28,-11.09,-5935.15,5,38034.7699,38023.6799
2025-09-29,-11.09,-5946.24,5,38023.6799,38012.5899
2025-09-30,-5.11,-5951.35,3,38288.9844,38283.8744
2025-10-01,-3.12,-5954.47,2,38549.1787,38546.0587
2025-10-02,-9.21,-5963.68,4,38598.5971,38589.3871
2025-10-03,-5.15,-5968.83,3,38882.8987,38877.7487
2025-10-04,-5.15,-5973.98,3,39079.5159,39074.3659
2025-10-05,-5.15,-5979.13,3,39074.3659,39069.2159
2025-10-06,-5.15,-5984.28,3,39069.2159,39064.0659
2025-10-07,-5.78,-5990.06,2,39474.5019,39468.7219
2025-10-08,-5.81,-5995.87,2,39704.7123,39698.9023
2025-10-09,-9.87,-6005.74,4,39825.6199,39815.7499
2025-10-10,-10.01,-6015.75,3,40057.9113,40047.9013
2025-10-11,-12.11,-6027.86,4,40165.054,40152.944
2025-10-12,-12.11,-6039.97,4,40152.944,40140.834
2025-10-13,-12.11,-6052.08,4,40140.834,40128.724
2025-10-14,-10.01,-6062.09,3,40221.8097,40211.7997
2025-10-15,-18.42,-6080.51,6,40485.3559,40466.9359
2025-10-16,-14.71,-6095.22,4,40678.1687,40663.4587
2025-10-17,-6.0,-6101.22,3,41209.0216,41203.0216
2025-10-18,-8.2,-6109.42,4,41513.8833,41505.6833
2025-10-19,-8.2,-6117.62,4,41505.6833,41497.4833
2025-10-20,-8.2,-6125.82,4,41497.4833,41489.2833
2025-10-21,-8.2,-6134.02,4,41489.2833,41481.0833
2025-10-22,-8.2,-6142.22,4,41481.0833,41472.8833
2025-10-23,-10.37,-6152.59,4,41707.4047,41697.0347
2025-10-24,-10.37,-6162.96,4,41848.8647,41838.4947
2025-10-25,-6.03,-6168.99,3,42291.3199,42285.2899
2025-10-26,-6.03,-6175.02,3,42285.2899,42279.2599
2025-10-27,-6.03,-6181.05,3,42279.2599,42273.2299
2025-10-28,-3.82,-6184.87,2,42559.1368,42555.3168
2025-10-29,-10.54,-6195.41,4,42604.5968,42594.0568
2025-10-30,-7.85,-6203.26,4,43152.4456,43144.5956
2025-10-31,-10.13,-6213.39,5,43140.0456,43129.9156
2025-11-01,-10.13,-6223.52,5,43129.9156,43119.7856
2025-11-02,-10.13,-6233.65,5,43119.7856,43109.6556
2025-11-03,-10.13,-6243.78,5,43109.6556,43099.5256
2025-11-04,-12.41,-6256.19,6,43094.9756,43082.5656
2025-11-05,-16.93,-6273.12,7,43072.1682,43055.2382
2025-11-06,-20.85,-6293.97,9,43045.6237,43024.7737
2025-11-07,-16.33,-6310.3,8,43213.0105,43196.6805
2025-11-08,-16.33,-6326.63,8,43196.6805,43180.3505
2025-11-09,-16.33,-6342.96,8,43180.3505,43164.0205
2025-11-10,-16.33,-6359.29,8,43164.0205,43147.6905
2025-11-11,-17.27,-6376.56,7,43228.3085,43211.0385
2025-11-12,-12.75,-6389.31,5,43379.7621,43367.0121
2025-11-13,-14.57,-6403.88,6,43427.555,43412.985
2025-11-14,-16.85,-6420.73,7,43408.435,43391.585
2025-11-15,-21.4,-6442.13,8,43381.029,43359.629
2025-11-16,-21.4,-6463.53,8,43359.629,43338.229
2025-11-17,-21.4,-6484.93,8,43338.229,43316.829
2025-11-18,-17.3,-6502.23,6,43495.9504,43478.6504
2025-11-19,-15.02,-6517.25,5,43670.0104,43654.9904
2025-11-20,-10.57,-6527.82,5,44134.6867,44124.1167
2025-11-21,-15.27,-6543.09,6,44165.7166,44150.4466
2025-11-22,-15.27,-6558.36,6,44179.3978,44164.1278
2025-11-23,-15.27,-6573.63,6,44164.1278,44148.8578
2025-11-24,-15.27,-6588.9,6,44148.8578,44133.5878
2025-11-25,-15.27,-6604.17,6,44186.4553,44171.1853
2025-11-26,-12.92,-6617.09,6,44357.9789,44345.0589
2025-11-27,-8.93,-6626.02,3,44677.8133,44668.8833
2025-11-28,-8.93,-6634.95,3,44868.1959,44859.2659
2025-11-29,-11.14,-6646.09,4,44976.3765,44965.2365
2025-11-30,-11.14,-6657.23,4,44965.2365,44954.0965
2025-12-01,-11.14,-6668.37,4,44954.0965,44942.9565
2025-12-02,-13.52,-6681.89,4,45083.2611,45069.7411
2025-12-03,-13.69,-6695.58,4,45225.7386,45212.0486
2025-12-04,-13.69,-6709.27,4,45295.54,45281.85
2025-12-05,-16.07,-6725.34,4,45308.2926,45292.2226
2025-12-06,-20.66,-6746.0,6,45316.0169,45295.3569
2025-12-07,-20.66,-6766.66,6,45295.3569,45274.6969
2025-12-08,-20.66,-6787.32,6,45274.6969,45254.0369
2025-12-09,-18.45,-6805.77,5,45446.9518,45428.5018
2025-12-10,-18.45,-6824.22,5,45495.4138,45476.9638
2025-12-11,-18.45,-6842.67,5,45529.6183,45511.1683
2025-12-12,-21.32,-6863.99,6,45533.3733,45512.0533
2025-12-13,-23.25,-6887.24,7,45644.8491,45621.5991
2025-12-14,-23.25,-6910.49,7,45621.5991,45598.3491
2025-12-15,-23.25,-6933.74,7,45598.3491,45575.0991
2025-12-16,-23.25,-6956.99,7,45627.1137,45603.8637
2025-12-17,-23.25,-6980.24,7,45693.3762,45670.1262
2025-12-18,-30.29,-7010.53,9,45738.21,45707.92
2025-12-19,-28.05,-7038.58,8,45796.3573,45768.3073
2025-12-20,-30.29,-7068.87,9,45819.1708,45788.8808
2025-12-21,-30.29,-7099.16,9,45788.8808,45758.5908
2025-12-22,-30.29,-7129.45,9,45758.5908,45728.3008
2025-12-23,-30.29,-7159.74,9,45728.3008,45698.0108
2025-12-24,-32.53,-7192.27,10,45691.9599,45659.4299
2025-12-25,-32.53,-7224.8,10,45659.4299,45626.8999
2025-12-26,-32.53,-7257.33,10,45626.8999,45594.3699
2025-12-27,-32.53,-7289.86,10,45594.3699,45561.8399
2025-12-28,-32.53,-7322.39,10,45561.8399,45529.3099
2025-12-29,-32.53,-7354.92,10,45529.3099,45496.7799
2025-12-30,-34.46,-7389.38,11,45492.2424,45457.7824
2025-12-31,-34.46,-7423.84,11,45457.7824,45423.3224
2026-01-01,-29.98,-7453.82,9,45540.6169,45510.6369
2026-01-02,-29.98,-7483.8,9,45510.6369,45480.6569
2026-01-03,-32.22,-7516.02,10,45526.5042,45494.2842
2026-01-04,-32.22,-7548.24,10,45494.2842,45462.0642
2026-01-05,-32.22,-7580.46,10,45462.0642,45429.8442
2026-01-06,-31.91,-7612.37,10,45485.2445,45453.3345
2026-01-07,-31.91,-7644.28,10,45505.2327,45473.3227
2026-01-08,-31.91,-7676.19,10,45473.3227,45441.4127
2026-01-09,-31.91,-7708.1,10,45441.4127,45409.5027
2026-01-10,-8.24,-7716.34,4,46454.8188,46446.5788
2026-01-11,-8.24,-7724.58,4,46446.5788,46438.3388
2026-01-12,-8.24,-7732.82,4,46438.3388,46430.0988
2026-01-13,-8.24,-7741.06,4,46756.287,46748.047
2026-01-14,-8.28,-7749.34,4,47019.0877,47010.8077
2026-01-15,-13.22,-7762.56,5,47123.2601,47110.0401
2026-01-16,-13.22,-7775.78,5,47304.8755,47291.6555
2026-01-17,-15.53,-7791.31,6,47355.8128,47340.2828
2026-01-18,-15.53,-7806.84,6,47340.2828,47324.7528
2026-01-19,-15.53,-7822.37,6,47324.7528,47309.2228
2026-01-20,-13.22,-7835.59,5,47496.7061,47483.4861
2026-01-21,-9.35,-7844.94,4,47894.4974,47885.1474
2026-01-22,-4.38,-7849.32,2,48375.6737,48371.2937
2026-01-23,-4.59,-7853.91,2,48689.2711,48684.6811
2026-01-24,-9.18,-7863.09,4,48674.7861,48665.6061
2026-01-25,-9.18,-7872.27,4,48665.6061,48656.4261
2026-01-26,-9.18,-7881.45,4,48656.4261,48647.2461
2026-01-27,-9.74,-7891.19,4,48905.7011,48895.9611
2026-01-28,-9.74,-7900.93,4,49048.2548,49038.5148
2026-01-29,-9.74,-7910.67,4,49457.3387,49447.5987
2026-01-30,-9.74,-7920.41,4,49509.5105,49499.7705
2026-01-31,-9.74,-7930.15,4,49499.7705,49490.0305
2026-02-01,-9.74,-7939.89,4,49490.0305,49480.2905
2026-02-02,-9.74,-7949.63,4,49480.2905,49470.5505
2026-02-03,-9.74,-7959.37,4,49470.5505,49460.8105
2026-02-04,-14.22,-7973.59,6,49449.2939,49435.0739
2026-02-05,-16.98,-7990.57,6,49542.3732,49525.3932
2026-02-06,-14.96,-8005.53,5,49594.1932,49579.2332
2026-02-07,-14.96,-8020.49,5,49694.8657,49679.9057
2026-02-08,-14.96,-8035.45,5,49679.9057,49664.9457
2026-02-09,-14.96,-8050.41,5,49664.9457,49649.9857
2026-02-10,-9.78,-8060.19,4,49958.0669,49948.2869
2026-02-11,-9.78,-8069.97,4,50137.5732,50127.7932
2026-02-12,-15.14,-8085.11,5,50653.6085,50638.4685
2026-02-13,-15.14,-8100.25,5,50760.8739,50745.7339
2026-02-14,-15.14,-8115.39,5,50958.4011,50943.2611
2026-02-15,-15.14,-8130.53,5,50943.2611,50928.1211
2026-02-16,-15.14,-8145.67,5,50928.1211,50912.9811
2026-02-17,-15.18,-8160.85,5,51117.1889,51102.0089
2026-02-18,-15.24,-8176.09,5,51480.3271,51465.0871
2026-02-19,-17.76,-8193.85,6,51458.2144,51440.4544
2026-02-20,-20.28,-8214.13,7,51433.6471,51413.3671
2026-02-21,-25.67,-8239.8,8,51400.6479,51374.9779
2026-02-22,-25.67,-8265.47,8,51374.9779,51349.3079
2026-02-23,-25.67,-8291.14,8,51349.3079,51323.6379
2026-02-24,-25.67,-8316.81,8,51323.6379,51297.9679
2026-02-25,-25.67,-8342.48,8,51331.2929,51305.6229
2026-02-26,-20.63,-8363.11,6,51506.2808,51485.6508
2026-02-27,-20.63,-8383.74,6,51545.4763,51524.8463
2026-02-28,-22.8,-8406.54,7,51519.7313,51496.9313
2026-03-01,-22.8,-8429.34,7,51496.9313,51474.1313
2026-03-02,-22.8,-8452.14,7,51474.1313,51451.3313
2026-03-03,-23.15,-8475.29,7,51513.332,51490.182
2026-03-04,-25.67,-8500.96,8,51550.9427,51525.2727
2026-03-05,-26.06,-8527.02,7,51644.5994,51618.5394
2026-03-06,-26.06,-8553.08,7,51677.1212,51651.0612
2026-03-07,-28.23,-8581.31,8,51776.0164,51747.7864
2026-03-08,-28.23,-8609.54,8,51747.7864,51719.5564
2026-03-09,-28.23,-8637.77,8,51719.5564,51691.3264
2026-03-10,-28.23,-8666.0,8,51809.2101,51780.9801
2026-03-11,-28.23,-8694.23,8,51780.9801,51752.7501
2026-03-12,-28.23,-8722.46,8,51811.9864,51783.7564
2026-03-13,-28.23,-8750.69,8,51783.7564,51755.5264
2026-03-14,-20.55,-8771.24,5,51969.7971,51949.2471
2026-03-15,-20.55,-8791.79,5,51949.2471,51928.6971
2026-03-16,-20.55,-8812.34,5,51928.6971,51908.1471
2026-03-17,-28.74,-8841.08,7,52147.5128,52118.7728
2026-03-18,-28.74,-8869.82,7,52197.9168,52169.1768
2026-03-19,-26.01,-8895.83,6,52275.0642,52249.0542
2026-03-20,-30.99,-8926.82,8,52495.2572,52464.2672
2026-03-21,-26.65,-8953.47,6,52837.2715,52810.6215
2026-03-22,-26.65,-8980.12,6,52810.6215,52783.9715
2026-03-23,-26.65,-9006.77,6,52783.9715,52757.3215
2026-03-24,-26.71,-9033.48,6,53265.6143,53238.9043
2026-03-25,-23.91,-9057.39,5,53670.7176,53646.8076
2026-03-26,-26.79,-9084.18,6,53957.4884,53930.6984
2026-03-27,-26.79,-9110.97,6,54030.7984,54004.0084
2026-03-28,-29.63,-9140.6,7,53998.3384,53968.7084
2026-03-29,-29.63,-9170.23,7,53968.7084,53939.0784
2026-03-30,-29.63,-9199.86,7,53939.0784,53909.4484
2026-03-31,-32.47,-9232.33,8,53903.7784,53871.3084
2026-04-01,-37.41,-9269.74,10,53921.7034,53884.2934
2026-04-02,-31.73,-9301.47,8,54153.2134,54121.4834
2026-04-03,-29.1,-9330.57,7,54416.4378,54387.3378
2026-04-04,-29.1,-9359.67,7,54442.4828,54413.3828
2026-04-05,-29.1,-9388.77,7,54413.3828,54384.2828
2026-04-06,-29.1,-9417.87,7,54384.2828,54355.1828
2026-04-07,-29.1,-9446.97,7,54580.6015,54551.5015
2026-04-08,-26.23,-9473.2,6,54599.2153,54572.9853
2026-04-09,-10.2,-9483.4,4,55541.8384,55531.6384
2026-04-10,-10.23,-9493.63,4,55698.0353,55687.8053
2026-04-11,-13.17,-9506.8,5,55681.9253,55668.7553
2026-04-12,-13.17,-9519.97,5,55668.7553,55655.5853
2026-04-13,-13.17,-9533.14,5,55655.5853,55642.4153
2026-04-14,-16.08,-9549.22,5,55774.6795,55758.5995
2026-04-15,-19.02,-9568.24,6,55752.7195,55733.6995
2026-04-16,-19.02,-9587.26,6,55733.6995,55714.6795
2026-04-17,-27.6,-9614.86,8,55693.4844,55665.8844
2026-04-18,-27.6,-9642.46,8,55665.8844,55638.2844
2026-04-19,-27.6,-9670.06,8,55638.2844,55610.6844
2026-04-20,-27.6,-9697.66,8,55610.6844,55583.0844
2026-04-21,-30.51,-9728.17,9,55577.2744,55546.7644
2026-04-22,-30.51,-9758.68,9,55546.7644,55516.2544
2026-04-23,-14.25,-9772.93,5,56069.5364,56055.2864
2026-04-24,-5.36,-9778.29,2,56683.0039,56677.6439
2026-04-25,-5.43,-9783.72,2,57114.6281,57109.1981
2026-04-26,-5.43,-9789.15,2,57109.1981,57103.7681
2026-04-27,-5.43,-9794.58,2,57103.7681,57098.3381
2026-04-28,-5.43,-9800.01,2,57188.2381,57182.8081
2026-04-29,-3.01,-9803.02,1,57604.8305,57601.8205
2026-04-30,-8.27,-9811.29,3,57734.9621,57726.6921
2026-05-01,-5.47,-9816.76,2,58081.6634,58076.1934
2026-05-02,-14.61,-9831.37,4,58122.2616,58107.6516
2026-05-03,-14.61,-9845.98,4,58107.6516,58093.0416
2026-05-04,-14.61,-9860.59,4,58093.0416,58078.4316
2026-05-05,-5.47,-9866.06,2,58433.0498,58427.5798
2026-05-06,-8.55,-9874.61,2,58579.5117,58570.9617
2026-05-07,-5.5,-9880.11,2,58905.9529,58900.4529
2026-05-08,-11.7,-9891.81,3,58952.3337,58940.6337
2026-05-09,-14.82,-9906.63,4,59002.4637,58987.6437
2026-05-10,-14.82,-9921.45,4,58987.6437,58972.8237
2026-05-11,-14.82,-9936.27,4,58972.8237,58958.0037
2026-05-12,-17.73,-9954.0,5,58950.1187,58932.3887
2026-05-13,-11.81,-9965.81,3,59232.4948,59220.6848
2026-05-14,-5.64,-9971.45,2,59641.3215,59635.6815
2026-05-15,-5.67,-9977.12,2,59763.8234,59758.1534
2026-05-16,-11.34,-9988.46,4,59746.0134,59734.6734
2026-05-17,-11.34,-9999.8,4,59734.6734,59723.3334
2026-05-18,-11.34,-10011.14,4,59723.3334,59711.9934
2026-05-19,-8.82,-10019.96,3,60104.22,60095.4
2026-05-20,-8.82,-10028.78,3,60337.9263,60329.1063
2026-05-21,-14.91,-10043.69,5,60562.4283,60547.5183
2026-05-22,-14.91,-10058.6,5,60792.8032,60777.8932
2026-05-23,-11.24,-10069.84,4,61048.3789,61037.1389
2026-05-24,-11.24,-10081.08,4,61037.1389,61025.8989
2026-05-25,-11.24,-10092.32,4,61025.8989,61014.6589
2026-05-26,-11.24,-10103.56,4,61261.1631,61249.9231
2026-05-27,-20.69,-10124.25,6,61272.5635,61251.8735
2026-05-28,-14.74,-10138.99,4,61609.0052,61594.2652
2026-05-29,-5.92,-10144.91,2,62487.3345,62481.4145
2026-05-30,-15.58,-10160.49,4,62776.1556,62760.5756
2026-05-31,-15.58,-10176.07,4,62760.5756,62744.9956
2026-06-01,-15.58,-10191.65,4,62744.9956,62729.4156
2026-06-02,-18.95,-10210.6,5,62998.5906,62979.6406
2026-06-03,-18.95,-10229.55,5,62979.6406,62960.6906
2026-06-04,-22.24,-10251.79,6,62954.1106,62931.8706
